id,localidad,f_retiro,N_semana,mes,anio,afidos
2,Mococha,24/11/2017,47,noviembre,2017,0
3,Mococha,29/11/2017,48,noviembre,2017,0
4,Mococha,30/11/2017,48,noviembre,2017,0
5,Mococha,03/12/2017,49,diciembre,2017,0
6,Mococha,06/12/2017,49,diciembre,2017,6
7,Mococha,08/12/2017,49,diciembre,2017,0
8,Mococha,09/12/2017,49,diciembre,2017,0
9,Mococha,11/12/2017,50,diciembre,2017,0
10,Mococha,12/12/2017,50,diciembre,2017,0
11,Mococha,13/12/2017,50,diciembre,2017,0
12,Mococha,14/12/2017,50,diciembre,2017,0
13,Mococha,15/12/2017,50,diciembre,2017,0
14,Mococha,18/12/2017,51,diciembre,2017,16
15,Mococha,20/12/2017,51,diciembre,2017,17
16,Mococha,21/12/2017,51,diciembre,2017,6
17,Mococha,26/12/2017,52,diciembre,2017,0
18,Mococha,27/12/2017,52,diciembre,2017,3
19,Mococha,28/12/2017,52,diciembre,2017,2
20,Mococha,29/12/2017,52,diciembre,2017,1
21,Mococha,02/01/2018,1,enero,2018,1
22,Mococha,03/01/2018,1,enero,2018,0
23,Mococha,05/01/2018,1,enero,2018,2
24,Mococha,08/01/2018,2,enero,2018,4
25,Mococha,09/01/2018,2,enero,2018,0
26,Mococha,10/01/2018,2,enero,2018,0
27,Mococha,11/01/2018,2,enero,2018,0
28,Mococha,11/01/2018,2,enero,2018,1
29,Mococha,12/01/2018,2,enero,2018,0
30,Mococha,15/01/2018,3,enero,2018,1
31,Mococha,16/01/2018,3,enero,2018,0
32,Mococha,16/01/2018,3,enero,2018,0
33,Mococha,17/01/2018,3,enero,2018,0
34,Mococha,18/01/2018,3,enero,2018,0
35,Mococha,19/01/2018,3,enero,2018,1
36,Mococha,02/03/2018,9,marzo,2018,0
37,Mococha,05/03/2018,10,marzo,2018,3
38,Mococha,06/03/2018,10,marzo,2018,0
39,Mococha,07/03/2018,10,marzo,2018,0
40,Mococha,08/03/2018,10,marzo,2018,0
41,Mococha,09/03/2018,10,marzo,2018,0
42,Mococha,13/03/2018,11,marzo,2018,0
43,Mococha,14/03/2018,11,marzo,2018,0
44,Mococha,15/03/2018,11,marzo,2018,0
45,Mococha,16/03/2018,11,marzo,2018,0
46,Mococha,20/03/2018,12,marzo,2018,0
47,Mococha,21/03/2018,12,marzo,2018,0
48,Mococha,22/03/2018,12,marzo,2018,0
49,Mococha,23/03/2018,12,marzo,2018,0
50,Mococha,26/03/2018,13,marzo,2018,0
51,Mococha,27/03/2018,13,marzo,2018,0
52,Mococha,28/03/2018,13,marzo,2018,0
53,Mococha,30/03/2018,13,marzo,2018,0
54,Mococha,02/04/2018,14,abril,2018,0
55,Mococha,03/04/2018,14,abril,2018,0
56,Mococha,04/04/2018,14,abril,2018,0
57,Mococha,05/04/2018,14,abril,2018,0
58,Mococha,06/04/2018,14,abril,2018,0
59,Mococha,09/04/2018,15,abril,2018,0
60,Mococha,10/04/2018,15,abril,2018,0
61,Mococha,11/04/2018,15,abril,2018,0
62,Mococha,12/04/2018,15,abril,2018,0
63,Mococha,13/04/2018,15,abril,2018,0
64,Mococha,16/04/2018,16,abril,2018,0
65,Mococha,17/04/2018,16,abril,2018,0
66,Mococha,18/04/2018,16,abril,2018,0
67,Mococha,19/04/2018,16,abril,2018,0
68,Mococha,20/04/2018,16,abril,2018,0
69,Mococha,23/04/2018,17,abril,2018,0
70,Mococha,24/04/2018,17,abril,2018,0
71,Mococha,25/04/2018,17,abril,2018,0
72,Mococha,26/04/2018,17,abril,2018,1
73,Mococha,27/04/2018,17,abril,2018,1
74,Mococha,30/04/2018,18,abril,2018,0
75,Mococha,02/05/2018,18,mayo,2018,0
76,Mococha,03/05/2018,18,mayo,2018,0
77,Mococha,04/05/2018,18,mayo,2018,1
78,Mococha,07/05/2018,19,mayo,2018,0
79,Mococha,08/05/2018,19,mayo,2018,0
80,Mococha,09/05/2018,19,mayo,2018,0
81,Mococha,11/05/2018,19,mayo,2018,0
82,Mococha,14/05/2018,20,mayo,2018,0
83,Mococha,15/05/2018,20,mayo,2018,0
84,Mococha,16/05/2018,20,mayo,2018,0
85,Mococha,17/05/2018,20,mayo,2018,0
86,Mococha,18/05/2018,20,mayo,2018,1
87,Mococha,21/05/2018,21,mayo,2018,1
88,Mococha,22/05/2018,21,mayo,2018,1
89,Mococha,23/05/2018,21,mayo,2018,1
90,Mococha,24/05/2018,21,mayo,2018,0
91,Mococha,25/05/2018,21,mayo,2018,0
92,Mococha,28/05/2018,22,mayo,2018,0
93,Mococha,29/05/2018,22,mayo,2018,0
94,Mococha,30/05/2018,22,mayo,2018,0
95,Mococha,31/05/2018,22,mayo,2018,1
96,Mococha,03/06/2018,23,junio,2018,1
97,Mococha,04/06/2018,23,junio,2018,0
98,Mococha,05/06/2018,23,junio,2018,0
99,Mococha,06/06/2018,23,junio,2018,0
100,Mococha,07/06/2018,23,junio,2018,0
101,Mococha,08/06/2018,23,junio,2018,0
102,Mococha,11/06/2018,24,junio,2018,0
103,Mococha,12/06/2018,24,junio,2018,0
104,Mococha,13/06/2018,24,junio,2018,0
105,Mococha,14/06/2018,24,junio,2018,0
106,Mococha,15/06/2018,24,junio,2018,0
107,Mococha,18/06/2018,25,junio,2018,0
108,Mococha,19/06/2018,25,junio,2018,1
109,Mococha,20/06/2018,25,junio,2018,0
110,Mococha,21/06/2018,25,junio,2018,0
111,Mococha,22/06/2018,25,junio,2018,0
112,Mococha,25/06/2018,26,junio,2018,0
113,Mococha,26/06/2018,26,junio,2018,0
114,Mococha,27/06/2018,26,junio,2018,0
115,Mococha,28/06/2018,26,junio,2018,0
116,Mococha,29/06/2018,26,junio,2018,0
117,Mococha,02/07/2018,27,julio,2018,0
118,Mococha,03/07/2018,27,julio,2018,0
119,Mococha,04/07/2018,27,julio,2018,0
120,Mococha,05/07/2018,27,julio,2018,0
121,Mococha,06/07/2018,27,julio,2018,0
122,Mococha,09/07/2018,28,julio,2018,0
123,Mococha,10/07/2018,28,julio,2018,0
124,Mococha,11/07/2018,28,julio,2018,1
125,Mococha,12/07/2018,28,julio,2018,0
126,Mococha,13/07/2018,28,julio,2018,1
127,Mococha,16/07/2018,29,julio,2018,0
128,Mococha,17/07/2018,29,julio,2018,2
129,Mococha,18/07/2018,29,julio,2018,1
130,Mococha,19/07/2018,29,julio,2018,0
131,Mococha,20/07/2018,29,julio,2018,0
132,Mococha,23/07/2018,30,julio,2018,0
133,Mococha,24/07/2018,30,julio,2018,1
134,Mococha,25/07/2018,30,julio,2018,0
135,Mococha,26/07/2018,30,julio,2018,0
136,Mococha,27/07/2018,30,julio,2018,0
137,Mococha,30/07/2018,31,julio,2018,0
138,Mococha,31/07/2018,31,julio,2018,0
139,Mococha,01/08/2018,31,agosto,2018,0
140,Mococha,02/08/2018,31,agosto,2018,0
141,Mococha,03/08/2018,31,agosto,2018,0
142,Mococha,06/08/2018,32,agosto,2018,3
143,Mococha,07/08/2018,32,agosto,2018,1
144,Mococha,08/08/2018,32,agosto,2018,0
145,Mococha,09/08/2018,32,agosto,2018,0
146,Mococha,10/08/2018,32,agosto,2018,2
147,Mococha,13/08/2018,33,agosto,2018,0
148,Mococha,14/08/2018,33,agosto,2018,0
149,Mococha,15/08/2018,33,agosto,2018,2
150,Mococha,16/08/2018,33,agosto,2018,2
151,Mococha,17/08/2018,33,agosto,2018,1
152,Mococha,20/08/2018,34,agosto,2018,1
153,Mococha,21/08/2018,34,agosto,2018,0
154,Mococha,22/08/2018,34,agosto,2018,0
155,Mococha,23/08/2018,34,agosto,2018,0
156,Mococha,24/08/2018,34,agosto,2018,1
157,Mococha,27/08/2018,35,agosto,2018,1
158,Mococha,28/08/2018,35,agosto,2018,0
159,Mococha,29/08/2018,35,agosto,2018,1
160,Mococha,30/08/2018,35,agosto,2018,0
161,Mococha,31/08/2018,35,agosto,2018,1
162,Mococha,03/09/2018,36,septiembre,2018,2
163,Mococha,04/09/2018,36,septiembre,2018,0
164,Mococha,05/09/2018,36,septiembre,2018,1
165,Mococha,06/09/2018,36,septiembre,2018,1
166,Mococha,07/09/2018,36,septiembre,2018,1
167,Mococha,10/09/2018,37,septiembre,2018,1
168,Mococha,11/09/2018,37,septiembre,2018,2
169,Mococha,12/09/2018,37,septiembre,2018,0
170,Mococha,13/09/2018,37,septiembre,2018,2
171,Mococha,14/09/2018,37,septiembre,2018,2
172,Mococha,17/09/2018,38,septiembre,2018,1
173,Mococha,18/09/2018,38,septiembre,2018,0
174,Mococha,19/09/2018,38,septiembre,2018,0
175,Mococha,20/09/2018,38,septiembre,2018,0
176,Mococha,21/09/2018,38,septiembre,2018,1
177,Mococha,24/09/2018,39,septiembre,2018,0
178,Mococha,25/09/2018,39,septiembre,2018,0
179,Mococha,26/09/2018,39,septiembre,2018,0
180,Mococha,27/09/2018,39,septiembre,2018,1
181,Mococha,28/09/2018,39,septiembre,2018,0
182,Mococha,01/10/2018,40,octubre,2018,1
183,Mococha,02/10/2018,40,octubre,2018,3
184,Mococha,03/10/2018,40,octubre,2018,0
185,Mococha,04/10/2018,40,octubre,2018,1
186,Mococha,05/10/2018,40,octubre,2018,0
187,Mococha,08/10/2018,41,octubre,2018,1
188,Mococha,09/10/2018,41,octubre,2018,1
189,Mococha,10/10/2018,41,octubre,2018,1
190,Mococha,11/10/2018,41,octubre,2018,0
191,Mococha,12/10/2018,41,octubre,2018,4
192,Mococha,15/10/2018,42,octubre,2018,1
193,Mococha,16/10/2018,42,octubre,2018,1
194,Mococha,17/10/2018,42,octubre,2018,0
195,Mococha,18/10/2018,42,octubre,2018,0
196,Mococha,19/10/2018,42,octubre,2018,0
197,Mococha,22/10/2018,43,octubre,2018,0
198,Mococha,23/10/2018,43,octubre,2018,1
199,Mococha,24/10/2018,43,octubre,2018,0
200,Mococha,25/10/2018,43,octubre,2018,0
201,Mococha,26/10/2018,43,octubre,2018,0
202,Mococha,29/10/2018,44,octubre,2018,0
203,Mococha,30/10/2018,44,octubre,2018,1
204,Mococha,31/10/2018,44,octubre,2018,0
205,Mococha,01/11/2018,44,noviembre,2018,1
206,Mococha,05/11/2018,45,noviembre,2018,0
207,Mococha,06/11/2018,45,noviembre,2018,0
208,Mococha,07/11/2018,45,noviembre,2018,1
209,Mococha,08/11/2018,45,noviembre,2018,1
210,Mococha,09/11/2018,45,noviembre,2018,0
211,Mococha,12/11/2018,46,noviembre,2018,0
212,Mococha,13/11/2018,46,noviembre,2018,0
213,Mococha,14/11/2018,46,noviembre,2018,0
214,Mococha,15/11/2018,46,noviembre,2018,0
215,Mococha,16/11/2018,46,noviembre,2018,0
216,Mococha,20/11/2018,47,noviembre,2018,0
217,Mococha,21/11/2018,47,noviembre,2018,0
218,Mococha,22/11/2018,47,noviembre,2018,0
219,Mococha,23/11/2018,47,noviembre,2018,1
220,Mococha,26/11/2018,48,noviembre,2018,5
221,Mococha,27/11/2018,48,noviembre,2018,0
222,Mococha,28/11/2018,48,noviembre,2018,0
223,Mococha,29/11/2018,48,noviembre,2018,1
224,Mococha,30/11/2018,48,noviembre,2018,1
225,Mococha,04/12/2018,49,diciembre,2018,1
226,Mococha,05/12/2018,49,diciembre,2018,0
227,Mococha,06/12/2018,49,diciembre,2018,3
228,Mococha,10/12/2018,50,diciembre,2018,0
229,Mococha,11/12/2018,50,diciembre,2018,1
230,Mococha,12/12/2018,50,diciembre,2018,3
231,Mococha,13/12/2018,50,diciembre,2018,0
232,Mococha,14/12/2018,50,diciembre,2018,2
233,Mococha,17/12/2018,51,diciembre,2018,1
234,Mococha,18/12/2018,51,diciembre,2018,0
235,Mococha,19/12/2018,51,diciembre,2018,4
236,Mococha,20/12/2018,51,diciembre,2018,0
237,Mococha,21/12/2018,51,diciembre,2018,0
238,Mococha,24/12/2018,52,diciembre,2018,0
239,Mococha,26/12/2018,52,diciembre,2018,2
240,Mococha,27/12/2018,52,diciembre,2018,0
241,Mococha,28/12/2018,52,diciembre,2018,2
242,Mococha,31/12/2018,53,diciembre,2018,2
243,Mococha,02/01/2019,1,enero,2019,2
244,Mococha,03/01/2019,1,enero,2019,0
245,Mococha,04/01/2019,1,enero,2019,2
246,Mococha,07/01/2019,2,enero,2019,0
247,Mococha,08/01/2019,2,enero,2019,0
248,Mococha,09/01/2019,2,enero,2019,1
249,Mococha,10/01/2019,2,enero,2019,0
250,Mococha,11/01/2019,2,enero,2019,0
251,Mococha,14/01/2019,3,enero,2019,1
252,Mococha,15/01/2019,3,enero,2019,1
253,Mococha,16/01/2019,3,enero,2019,2
254,Mococha,18/01/2019,3,enero,2019,2
255,Mococha,21/01/2019,4,enero,2019,2
256,Mococha,22/01/2019,4,enero,2019,2
257,Mococha,23/01/2019,4,enero,2019,0
258,Mococha,24/01/2019,4,enero,2019,1
259,Mococha,25/01/2019,4,enero,2019,1
260,Mococha,28/01/2019,5,enero,2019,0
261,Mococha,29/01/2019,5,enero,2019,0
262,Mococha,30/01/2019,5,enero,2019,0
263,Mococha,31/01/2019,5,enero,2019,2
264,Mococha,01/02/2019,5,febrero,2019,0
265,Mococha,05/02/2019,6,febrero,2019,0
266,Mococha,06/02/2019,6,febrero,2019,0
267,Mococha,07/02/2019,6,febrero,2019,0
268,Mococha,08/02/2019,6,febrero,2019,0
269,Mococha,11/02/2019,7,febrero,2019,0
270,Mococha,12/02/2019,7,febrero,2019,0
271,Mococha,14/02/2019,7,febrero,2019,0
272,Mococha,15/02/2019,7,febrero,2019,0
273,Mococha,18/02/2019,8,febrero,2019,0
274,Mococha,19/02/2019,8,febrero,2019,0
275,Mococha,20/02/2019,8,febrero,2019,0
276,Mococha,21/02/2019,8,febrero,2019,0
277,Mococha,22/02/2019,8,febrero,2019,0
278,Mococha,25/02/2019,9,febrero,2019,0
279,Mococha,26/02/2019,9,febrero,2019,0
280,Mococha,27/02/2019,9,febrero,2019,0
281,Mococha,28/02/2019,9,febrero,2019,0
282,Mococha,01/03/2019,9,marzo,2019,0
283,Mococha,04/03/2019,10,marzo,2019,0
284,Mococha,05/03/2019,10,marzo,2019,0
285,Mococha,06/03/2019,10,marzo,2019,0
286,Mococha,07/03/2019,10,marzo,2019,2
287,Mococha,08/03/2019,10,marzo,2019,0
288,Mococha,11/03/2019,11,marzo,2019,0
289,Mococha,12/03/2019,11,marzo,2019,0
290,Mococha,13/03/2019,11,marzo,2019,0
291,Mococha,14/03/2019,11,marzo,2019,0
292,Mococha,15/03/2019,11,marzo,2019,0
293,Mococha,19/03/2019,12,marzo,2019,0
294,Mococha,20/03/2019,12,marzo,2019,0
295,Mococha,08/05/2019,19,mayo,2019,0
296,Mococha,09/05/2019,19,mayo,2019,0
297,Mococha,10/05/2019,19,mayo,2019,0
298,Mococha,13/05/2019,20,mayo,2019,0
299,Mococha,14/05/2019,20,mayo,2019,0
300,Mococha,15/05/2019,20,mayo,2019,0
301,Mococha,16/05/2019,20,mayo,2019,0
302,Mococha,17/05/2019,20,mayo,2019,0
303,Mococha,20/05/2019,21,mayo,2019,0
304,Mococha,21/05/2019,21,mayo,2019,0
305,Mococha,22/05/2019,21,mayo,2019,0
306,Mococha,23/05/2019,21,mayo,2019,0
307,Mococha,24/05/2019,21,mayo,2019,0
308,Mococha,27/05/2019,22,mayo,2019,0
309,Mococha,28/05/2019,22,mayo,2019,0
310,Mococha,29/05/2019,22,mayo,2019,0
311,Mococha,30/05/2019,22,mayo,2019,0
312,Mococha,31/05/2019,22,mayo,2019,0
313,Mococha,03/06/2019,23,junio,2019,0
314,Mococha,04/06/2019,23,junio,2019,0
315,Mococha,05/06/2019,23,junio,2019,0
316,Mococha,06/06/2019,23,junio,2019,0
317,Mococha,07/06/2019,23,junio,2019,0
318,Mococha,10/06/2019,24,junio,2019,0
319,Mococha,11/06/2019,24,junio,2019,0
320,Mococha,12/06/2019,24,junio,2019,0
321,Mococha,13/06/2019,24,junio,2019,0
322,Mococha,14/06/2019,24,junio,2019,0
323,Mococha,17/06/2019,25,junio,2019,0
324,Mococha,18/06/2019,25,junio,2019,0
325,Mococha,19/06/2019,25,junio,2019,0
326,Mococha,20/06/2019,25,junio,2019,0
327,Mococha,21/06/2019,25,junio,2019,0
328,Mococha,24/06/2019,26,junio,2019,0
329,Mococha,25/06/2019,26,junio,2019,0
330,Mococha,26/06/2019,26,junio,2019,0
331,Mococha,27/06/2019,26,junio,2019,0
332,Mococha,28/06/2019,26,junio,2019,0
333,Mococha,01/07/2019,27,julio,2019,0
334,Mococha,02/07/2019,27,julio,2019,0
335,Mococha,03/07/2019,27,julio,2019,0
336,Mococha,04/07/2019,27,julio,2019,0
337,Mococha,05/07/2019,27,julio,2019,1
338,Mococha,08/07/2019,28,julio,2019,0
339,Mococha,09/07/2019,28,julio,2019,0
340,Mococha,10/07/2019,28,julio,2019,0
341,Mococha,11/07/2019,28,julio,2019,0
342,Mococha,12/07/2019,28,julio,2019,0
343,Mococha,15/07/2019,29,julio,2019,0
344,Mococha,16/07/2019,29,julio,2019,1
345,Mococha,17/07/2019,29,julio,2019,0
346,Mococha,18/07/2019,29,julio,2019,0
347,Mococha,19/07/2019,29,julio,2019,0
348,Mococha,22/07/2019,30,julio,2019,0
349,Mococha,23/07/2019,30,julio,2019,0
350,Mococha,24/07/2019,30,julio,2019,0
351,Mococha,25/07/2019,30,julio,2019,0
352,Mococha,26/07/2019,30,julio,2019,0
353,Mococha,29/07/2019,31,julio,2019,0
354,Mococha,30/07/2019,31,julio,2019,0
355,Mococha,31/07/2019,31,julio,2019,0
356,Mococha,01/08/2019,31,agosto,2019,0
357,Mococha,02/08/2019,31,agosto,2019,0
358,Mococha,05/08/2019,32,agosto,2019,0
359,Mococha,06/08/2019,32,agosto,2019,0
360,Mococha,07/08/2019,32,agosto,2019,0
361,Mococha,08/08/2019,32,agosto,2019,0
362,Mococha,09/08/2019,32,agosto,2019,0
363,Mococha,12/08/2019,33,agosto,2019,3
364,Mococha,13/08/2019,33,agosto,2019,1
365,Mococha,14/08/2019,33,agosto,2019,0
366,Mococha,15/08/2019,33,agosto,2019,0
367,Mococha,16/08/2019,33,agosto,2019,0
368,Mococha,19/08/2019,34,agosto,2019,0
369,Mococha,20/08/2019,34,agosto,2019,0
370,Mococha,21/08/2019,34,agosto,2019,0
371,Mococha,22/08/2019,34,agosto,2019,0
372,Mococha,23/08/2019,34,agosto,2019,0
373,Mococha,26/08/2019,35,agosto,2019,1
374,Mococha,27/08/2019,35,agosto,2019,0
375,Mococha,28/08/2019,35,agosto,2019,0
376,Mococha,29/08/2019,35,agosto,2019,0
377,Mococha,30/08/2019,35,agosto,2019,0
378,Mococha,02/09/2019,36,septiembre,2019,0
379,Mococha,03/09/2019,36,septiembre,2019,1
380,Mococha,03/09/2019,36,septiembre,2019,1
381,Mococha,04/09/2019,36,septiembre,2019,6
382,Mococha,04/09/2019,36,septiembre,2019,1
383,Mococha,05/09/2019,36,septiembre,2019,1
384,Mococha,05/09/2019,36,septiembre,2019,1
385,Mococha,06/09/2019,36,septiembre,2019,0
386,Mococha,06/09/2019,36,septiembre,2019,0
387,Mococha,09/09/2019,37,septiembre,2019,1
388,Mococha,10/09/2019,37,septiembre,2019,0
389,Mococha,10/09/2019,37,septiembre,2019,0
390,Mococha,11/09/2019,37,septiembre,2019,0
391,Mococha,11/09/2019,37,septiembre,2019,0
392,Mococha,12/09/2019,37,septiembre,2019,0
393,Mococha,12/09/2019,37,septiembre,2019,0
394,Mococha,13/09/2019,37,septiembre,2019,0
395,Mococha,13/09/2019,37,septiembre,2019,1
396,Mococha,17/09/2019,38,septiembre,2019,0
397,Mococha,18/09/2019,38,septiembre,2019,0
398,Mococha,18/09/2019,38,septiembre,2019,1
399,Mococha,19/09/2019,38,septiembre,2019,0
400,Mococha,19/09/2019,38,septiembre,2019,1
401,Mococha,20/09/2019,38,septiembre,2019,0
402,Mococha,20/09/2019,38,septiembre,2019,1
403,Mococha,23/09/2019,39,septiembre,2019,0
404,Mococha,24/09/2019,39,septiembre,2019,1
405,Mococha,24/09/2019,39,septiembre,2019,0
406,Mococha,25/09/2019,39,septiembre,2019,0
407,Mococha,25/09/2019,39,septiembre,2019,4
408,Mococha,26/09/2019,39,septiembre,2019,2
409,Mococha,26/09/2019,39,septiembre,2019,3
410,Mococha,27/09/2019,39,septiembre,2019,0
411,Mococha,30/09/2019,40,septiembre,2019,6
412,Mococha,01/10/2019,40,octubre,2019,0
413,Mococha,01/10/2019,40,octubre,2019,1
414,Mococha,02/10/2019,40,octubre,2019,1
415,Mococha,02/10/2019,40,octubre,2019,1
416,Mococha,03/10/2019,40,octubre,2019,0
417,Mococha,03/10/2019,40,octubre,2019,0
418,Mococha,04/10/2019,40,octubre,2019,0
419,Mococha,04/10/2019,40,octubre,2019,1
420,Mococha,07/10/2019,41,octubre,2019,1
421,Mococha,08/10/2019,41,octubre,2019,1
422,Mococha,08/10/2019,41,octubre,2019,1
423,Mococha,09/10/2019,41,octubre,2019,0
424,Mococha,09/10/2019,41,octubre,2019,0
425,Mococha,10/10/2019,41,octubre,2019,1
426,Mococha,10/10/2019,41,octubre,2019,1
427,Mococha,11/10/2019,41,octubre,2019,0
428,Mococha,11/10/2019,41,octubre,2019,0
429,Mococha,14/10/2019,42,octubre,2019,0
430,Mococha,15/10/2019,42,octubre,2019,2
431,Mococha,15/10/2019,42,octubre,2019,0
432,Mococha,16/10/2019,42,octubre,2019,0
433,Mococha,16/10/2019,42,octubre,2019,0
434,Mococha,17/10/2019,42,octubre,2019,0
435,Mococha,17/10/2019,42,octubre,2019,0
436,Mococha,18/10/2019,42,octubre,2019,1
437,Mococha,18/10/2019,42,octubre,2019,0
438,Mococha,18/10/2019,42,octubre,2019,0
439,Mococha,21/10/2019,43,octubre,2019,0
440,Mococha,22/10/2019,43,octubre,2019,0
441,Mococha,22/10/2019,43,octubre,2019,0
442,Mococha,23/10/2019,43,octubre,2019,0
443,Mococha,23/10/2019,43,octubre,2019,0
444,Mococha,24/10/2019,43,octubre,2019,0
445,Mococha,24/10/2019,43,octubre,2019,0
447,Mococha,25/10/2019,43,octubre,2019,0
448,Mococha,26/10/2019,43,octubre,2019,0
449,Mococha,26/10/2019,43,octubre,2019,0
450,Mococha,27/10/2019,44,octubre,2019,0
451,Mococha,27/10/2019,44,octubre,2019,0
452,Mococha,28/10/2019,44,octubre,2019,0
453,Mococha,29/10/2019,44,octubre,2019,0
454,Mococha,29/10/2019,44,octubre,2019,1
455,Mococha,30/10/2019,44,octubre,2019,0
456,Mococha,30/10/2019,44,octubre,2019,0
457,Mococha,31/10/2019,44,octubre,2019,0
458,Mococha,31/10/2019,44,octubre,2019,0
459,Mococha,01/11/2019,44,noviembre,2019,0
460,Mococha,01/11/2019,44,noviembre,2019,1
461,Mococha,02/11/2019,44,noviembre,2019,0
462,Mococha,02/11/2019,44,noviembre,2019,0
463,Mococha,04/11/2019,45,noviembre,2019,1
464,Mococha,05/11/2019,45,noviembre,2019,0
465,Mococha,05/11/2019,45,noviembre,2019,0
466,Mococha,06/11/2019,45,noviembre,2019,0
467,Mococha,06/11/2019,45,noviembre,2019,0
468,Mococha,07/11/2019,45,noviembre,2019,0
469,Mococha,07/11/2019,45,noviembre,2019,0
470,Mococha,08/11/2019,45,noviembre,2019,0
471,Mococha,08/11/2019,45,noviembre,2019,2
472,Mococha,10/11/2019,46,noviembre,2019,0
473,Mococha,11/11/2019,46,noviembre,2019,0
474,Mococha,11/11/2019,46,noviembre,2019,0
475,Mococha,12/11/2019,46,noviembre,2019,0
476,Mococha,12/11/2019,46,noviembre,2019,0
477,Mococha,13/11/2019,46,noviembre,2019,0
478,Mococha,13/11/2019,46,noviembre,2019,0
479,Mococha,14/11/2019,46,noviembre,2019,0
480,Mococha,14/11/2019,46,noviembre,2019,0
481,Mococha,15/11/2019,46,noviembre,2019,0
482,Mococha,15/11/2019,46,noviembre,2019,0
483,Mococha,15/11/2019,46,noviembre,2019,0
484,Mococha,19/11/2019,47,noviembre,2019,0
485,Mococha,20/11/2019,47,noviembre,2019,1
486,Mococha,20/11/2019,47,noviembre,2019,1
487,Mococha,21/11/2019,47,noviembre,2019,0
488,Mococha,21/11/2019,47,noviembre,2019,2
489,Mococha,22/11/2019,47,noviembre,2019,0
490,Mococha,22/11/2019,47,noviembre,2019,1
491,Mococha,25/11/2019,48,noviembre,2019,0
492,Mococha,26/11/2019,48,noviembre,2019,0
493,Mococha,26/11/2019,48,noviembre,2019,0
494,Mococha,27/11/2019,48,noviembre,2019,0
495,Mococha,27/11/2019,48,noviembre,2019,0
496,Mococha,28/11/2019,48,noviembre,2019,0
497,Mococha,28/11/2019,48,noviembre,2019,0
498,Mococha,29/11/2019,48,noviembre,2019,0
499,Mococha,29/11/2019,48,noviembre,2019,0
500,Mococha,02/12/2019,49,diciembre,2019,0
501,Mococha,03/12/2019,49,diciembre,2019,1
502,Mococha,03/12/2019,49,diciembre,2019,0
503,Mococha,04/12/2019,49,diciembre,2019,0
504,Mococha,04/12/2019,49,diciembre,2019,0
505,Mococha,05/12/2019,49,diciembre,2019,0
506,Mococha,05/12/2019,49,diciembre,2019,0
507,Mococha,06/12/2019,49,diciembre,2019,2
508,Mococha,06/12/2019,49,diciembre,2019,0
509,Mococha,09/12/2019,50,diciembre,2019,3
510,Mococha,10/12/2019,50,diciembre,2019,2
511,Mococha,10/12/2019,50,diciembre,2019,1
512,Mococha,11/12/2019,50,diciembre,2019,4
513,Mococha,11/12/2019,50,diciembre,2019,3
514,Mococha,12/12/2019,50,diciembre,2019,1
515,Mococha,12/12/2019,50,diciembre,2019,2
516,Mococha,13/12/2019,50,diciembre,2019,0
517,Mococha,13/12/2019,50,diciembre,2019,7
518,Mococha,16/12/2019,51,diciembre,2019,2
519,Mococha,17/12/2019,51,diciembre,2019,0
520,Mococha,17/12/2019,51,diciembre,2019,14
521,Mococha,18/12/2019,51,diciembre,2019,2
522,Mococha,18/12/2019,51,diciembre,2019,0
523,Mococha,19/12/2019,51,diciembre,2019,0
524,Mococha,19/12/2019,51,diciembre,2019,0
525,Mococha,20/12/2019,51,diciembre,2019,0
526,Mococha,20/12/2019,51,diciembre,2019,1
527,Mococha,23/12/2019,52,diciembre,2019,7
528,Mococha,24/12/2019,52,diciembre,2019,12
529,Mococha,24/12/2019,52,diciembre,2019,2
530,Mococha,26/12/2019,52,diciembre,2019,5
531,Mococha,27/12/2019,52,diciembre,2019,9
532,Mococha,27/12/2019,52,diciembre,2019,6
533,Mococha,30/12/2019,53,diciembre,2019,29
534,Mococha,31/12/2019,53,diciembre,2019,16
535,Mococha,31/12/2019,53,diciembre,2019,13
536,Mococha,02/01/2020,1,enero,2020,17
537,Mococha,03/01/2020,1,enero,2020,12
538,Mococha,03/01/2020,1,enero,2020,3
539,Mococha,06/01/2020,2,enero,2020,18
540,Mococha,07/01/2020,2,enero,2020,7
541,Mococha,07/01/2020,2,enero,2020,5
542,Mococha,08/01/2020,2,enero,2020,7
543,Mococha,08/01/2020,2,enero,2020,8
544,Mococha,09/01/2020,2,enero,2020,7
545,Mococha,09/01/2020,2,enero,2020,12
546,Mococha,10/01/2020,2,enero,2020,17
547,Mococha,10/01/2020,2,enero,2020,12
548,Mococha,13/01/2020,3,enero,2020,5
549,Mococha,14/01/2020,3,enero,2020,5
550,Mococha,14/01/2020,3,enero,2020,3
551,Mococha,15/01/2020,3,enero,2020,3
552,Mococha,15/01/2020,3,enero,2020,5
553,Mococha,16/01/2020,3,enero,2020,7
554,Mococha,16/01/2020,3,enero,2020,2
555,Mococha,20/01/2020,4,enero,2020,2
556,Mococha,21/01/2020,4,enero,2020,2
557,Mococha,21/01/2020,4,enero,2020,1
558,Mococha,22/01/2020,4,enero,2020,1
559,Mococha,22/01/2020,4,enero,2020,2
560,Mococha,23/01/2020,4,enero,2020,1
561,Mococha,23/01/2020,4,enero,2020,2
562,Mococha,24/01/2020,4,enero,2020,1
563,Mococha,24/01/2020,4,enero,2020,1
564,Mococha,27/01/2020,5,enero,2020,0
565,Mococha,28/01/2020,5,enero,2020,2
566,Mococha,28/01/2020,5,enero,2020,1
567,Mococha,29/01/2020,5,enero,2020,0
568,Mococha,29/01/2020,5,enero,2020,2
569,Mococha,30/01/2020,5,enero,2020,1
570,Mococha,30/01/2020,5,enero,2020,0
571,Mococha,31/01/2020,5,enero,2020,1
572,Mococha,31/01/2020,5,enero,2020,0
573,Mococha,04/02/2020,6,febrero,2020,0
574,Mococha,05/02/2020,6,febrero,2020,0
575,Mococha,05/02/2020,6,febrero,2020,1
576,Mococha,06/02/2020,6,febrero,2020,0
577,Mococha,06/02/2020,6,febrero,2020,1
578,Mococha,07/02/2020,6,febrero,2020,0
579,Mococha,07/02/2020,6,febrero,2020,0
580,Mococha,10/02/2020,7,febrero,2020,0
581,Mococha,11/02/2020,7,febrero,2020,0
582,Mococha,11/02/2020,7,febrero,2020,1
583,Mococha,12/02/2020,7,febrero,2020,0
584,Mococha,12/02/2020,7,febrero,2020,1
585,Mococha,13/02/2020,7,febrero,2020,0
586,Mococha,13/02/2020,7,febrero,2020,1
587,Mococha,14/02/2020,7,febrero,2020,0
588,Mococha,14/02/2020,7,febrero,2020,0
589,Mococha,15/02/2020,7,febrero,2020,2
590,Mococha,15/02/2020,7,febrero,2020,0
591,Mococha,17/02/2020,8,febrero,2020,0
592,Mococha,18/02/2020,8,febrero,2020,0
593,Mococha,18/02/2020,8,febrero,2020,1
594,Mococha,19/02/2020,8,febrero,2020,0
595,Mococha,19/02/2020,8,febrero,2020,0
596,Mococha,20/02/2020,8,febrero,2020,0
597,Mococha,20/02/2020,8,febrero,2020,2
598,Mococha,21/02/2020,8,febrero,2020,0
599,Mococha,21/02/2020,8,febrero,2020,1
600,Mococha,24/02/2020,9,febrero,2020,0
601,Mococha,25/02/2020,9,febrero,2020,0
602,Mococha,25/02/2020,9,febrero,2020,0
603,Mococha,26/02/2020,9,febrero,2020,0
604,Mococha,26/02/2020,9,febrero,2020,0
605,Mococha,27/02/2020,9,febrero,2020,2
606,Mococha,27/02/2020,9,febrero,2020,0
607,Mococha,28/02/2020,9,febrero,2020,0
608,Mococha,28/02/2020,9,febrero,2020,1
609,Mococha,02/03/2020,10,marzo,2020,0
610,Mococha,03/03/2020,10,marzo,2020,0
611,Mococha,03/03/2020,10,marzo,2020,0
612,Mococha,04/03/2020,10,marzo,2020,0
613,Mococha,04/03/2020,10,marzo,2020,0
614,Mococha,05/03/2020,10,marzo,2020,0
615,Mococha,05/03/2020,10,marzo,2020,0
616,Mococha,06/03/2020,10,marzo,2020,0
617,Mococha,06/03/2020,10,marzo,2020,0
618,Mococha,09/03/2020,11,marzo,2020,0
619,Mococha,10/03/2020,11,marzo,2020,1
620,Mococha,10/03/2020,11,marzo,2020,1
621,Mococha,11/03/2020,11,marzo,2020,0
622,Mococha,11/03/2020,11,marzo,2020,0
623,Mococha,12/03/2020,11,marzo,2020,0
624,Mococha,12/03/2020,11,marzo,2020,0
625,Mococha,13/03/2020,11,marzo,2020,0
626,Mococha,13/03/2020,11,marzo,2020,0
627,Mococha,17/03/2020,12,marzo,2020,0
628,Mococha,18/03/2020,12,marzo,2020,0
629,Mococha,18/03/2020,12,marzo,2020,0
630,Mococha,19/03/2020,12,marzo,2020,0
631,Mococha,19/03/2020,12,marzo,2020,0
632,Mococha,20/03/2020,12,marzo,2020,0
633,Mococha,20/03/2020,12,marzo,2020,0
634,Mococha,23/03/2020,13,marzo,2020,0
635,Mococha,24/03/2020,13,marzo,2020,0
636,Mococha,24/03/2020,13,marzo,2020,0
637,Mococha,25/03/2020,13,marzo,2020,0
638,Mococha,25/03/2020,13,marzo,2020,0
639,Mococha,26/03/2020,13,marzo,2020,0
640,Mococha,26/03/2020,13,marzo,2020,0
641,Mococha,27/03/2020,13,marzo,2020,0
642,Mococha,27/03/2020,13,marzo,2020,0
643,Mococha,30/03/2020,14,marzo,2020,0
644,Mococha,31/03/2020,14,marzo,2020,0
645,Mococha,31/03/2020,14,marzo,2020,0
646,Mococha,01/04/2020,14,abril,2020,0
647,Mococha,01/04/2020,14,abril,2020,0
648,Mococha,02/04/2020,14,abril,2020,0
649,Mococha,02/04/2020,14,abril,2020,0
650,Mococha,03/04/2020,14,abril,2020,0
651,Mococha,03/04/2020,14,abril,2020,0
652,Mococha,06/04/2020,15,abril,2020,0
653,Mococha,07/04/2020,15,abril,2020,0
654,Mococha,07/04/2020,15,abril,2020,0
655,Mococha,08/04/2020,15,abril,2020,0
656,Mococha,08/04/2020,15,abril,2020,0
657,Mococha,09/04/2020,15,abril,2020,0
658,Mococha,09/04/2020,15,abril,2020,0
659,Mococha,10/04/2020,15,abril,2020,0
660,Mococha,10/04/2020,15,abril,2020,0
661,Mococha,13/04/2020,16,abril,2020,0
662,Mococha,14/04/2020,16,abril,2020,0
663,Mococha,14/04/2020,16,abril,2020,0
664,Mococha,15/04/2020,16,abril,2020,0
665,Mococha,15/04/2020,16,abril,2020,0
666,Mococha,16/04/2020,16,abril,2020,0
667,Mococha,16/04/2020,16,abril,2020,1
668,Mococha,17/04/2020,16,abril,2020,0
669,Mococha,17/04/2020,16,abril,2020,0
670,Mococha,20/04/2020,17,abril,2020,0
671,Mococha,21/04/2020,17,abril,2020,0
672,Mococha,21/04/2020,17,abril,2020,0
673,Mococha,22/04/2020,17,abril,2020,0
674,Mococha,22/04/2020,17,abril,2020,0
675,Mococha,23/04/2020,17,abril,2020,0
676,Mococha,23/04/2020,17,abril,2020,0
677,Mococha,24/04/2020,17,abril,2020,0
678,Mococha,24/04/2020,17,abril,2020,0
679,Mococha,27/04/2020,18,abril,2020,0
680,Mococha,28/04/2020,18,abril,2020,0
681,Mococha,28/04/2020,18,abril,2020,0
682,Mococha,29/04/2020,18,abril,2020,0
683,Mococha,29/04/2020,18,abril,2020,0
684,Mococha,30/04/2020,18,abril,2020,0
685,Mococha,30/04/2020,18,abril,2020,0
686,Mococha,01/05/2020,18,mayo,2020,0
687,Mococha,01/05/2020,18,mayo,2020,0
688,Mococha,04/05/2020,19,mayo,2020,0
689,Mococha,05/05/2020,19,mayo,2020,0
690,Mococha,05/05/2020,19,mayo,2020,0
691,Mococha,06/05/2020,19,mayo,2020,0
692,Mococha,06/05/2020,19,mayo,2020,0
693,Mococha,07/05/2020,19,mayo,2020,0
694,Mococha,07/05/2020,19,mayo,2020,0
695,Mococha,08/05/2020,19,mayo,2020,0
696,Mococha,08/05/2020,19,mayo,2020,0
697,Mococha,11/05/2020,20,mayo,2020,0
698,Mococha,12/05/2020,20,mayo,2020,0
699,Mococha,15/05/2020,20,mayo,2020,0
700,Mococha,18/05/2020,21,mayo,2020,0
701,Mococha,19/05/2020,21,mayo,2020,0
702,Mococha,19/05/2020,21,mayo,2020,0
703,Mococha,20/05/2020,21,mayo,2020,0
704,Mococha,20/05/2020,21,mayo,2020,0
705,Mococha,21/05/2020,21,mayo,2020,0
706,Mococha,21/05/2020,21,mayo,2020,0
707,Mococha,22/05/2020,21,mayo,2020,0
708,Mococha,26/05/2020,22,mayo,2020,0
709,Mococha,27/05/2020,22,mayo,2020,0
710,Mococha,01/06/2020,23,junio,2020,0
711,Mococha,15/06/2020,25,junio,2020,0
712,Mococha,16/06/2020,25,junio,2020,0
713,Mococha,26/06/2020,26,junio,2020,0
714,Mococha,29/06/2020,27,junio,2020,0
715,Mococha,30/06/2020,27,junio,2020,0
716,Mococha,01/07/2020,27,julio,2020,0
717,Mococha,02/07/2020,27,julio,2020,0
718,Mococha,03/07/2020,27,julio,2020,0
719,Mococha,06/07/2020,28,julio,2020,0
720,Mococha,07/07/2020,28,julio,2020,0
721,Mococha,08/07/2020,28,julio,2020,0
722,Mococha,09/07/2020,28,julio,2020,0
723,Mococha,10/07/2020,28,julio,2020,0
724,Mococha,13/07/2020,29,julio,2020,0
725,Mococha,14/07/2020,29,julio,2020,0
726,Mococha,15/07/2020,29,julio,2020,0
727,Mococha,16/07/2020,29,julio,2020,0
728,Mococha,17/07/2020,29,julio,2020,0
729,Mococha,20/07/2020,30,julio,2020,0
730,Mococha,21/07/2020,30,julio,2020,0
731,Mococha,22/07/2020,30,julio,2020,0
732,Mococha,23/07/2020,30,julio,2020,0
733,Mococha,24/07/2020,30,julio,2020,0
734,Mococha,27/07/2020,31,julio,2020,0
735,Mococha,28/07/2020,31,julio,2020,0
736,Mococha,29/07/2020,31,julio,2020,0
737,Mococha,30/07/2020,31,julio,2020,0
738,Mococha,31/07/2020,31,julio,2020,0
739,Mococha,03/08/2020,32,agosto,2020,1
740,Mococha,04/08/2020,32,agosto,2020,0
741,Mococha,05/08/2020,32,agosto,2020,0
742,Mococha,06/08/2020,32,agosto,2020,2
743,Mococha,07/08/2020,32,agosto,2020,0
744,Mococha,10/08/2020,33,agosto,2020,0
745,Mococha,11/08/2020,33,agosto,2020,1
746,Mococha,12/08/2020,33,agosto,2020,0
747,Mococha,13/08/2020,33,agosto,2020,1
748,Mococha,14/08/2020,33,agosto,2020,6
749,Mococha,17/08/2020,34,agosto,2020,5
750,Mococha,18/08/2020,34,agosto,2020,11
751,Mococha,19/08/2020,34,agosto,2020,1
752,Mococha,20/08/2020,34,agosto,2020,0
753,Mococha,21/08/2020,34,agosto,2020,5
754,Mococha,24/08/2020,35,agosto,2020,4
755,Mococha,25/08/2020,35,agosto,2020,4
756,Mococha,26/08/2020,35,agosto,2020,2
757,Mococha,27/08/2020,35,agosto,2020,9
758,Mococha,28/08/2020,35,agosto,2020,3
759,Mococha,31/08/2020,36,agosto,2020,5
760,Mococha,01/09/2020,36,septiembre,2020,3
761,Mococha,02/09/2020,36,septiembre,2020,1
762,Mococha,03/09/2020,36,septiembre,2020,2
763,Mococha,04/09/2020,36,septiembre,2020,0
764,Mococha,07/09/2020,37,septiembre,2020,2
765,Mococha,08/09/2020,37,septiembre,2020,0
766,Mococha,09/09/2020,37,septiembre,2020,2
767,Mococha,10/09/2020,37,septiembre,2020,8
768,Mococha,11/09/2020,37,septiembre,2020,2
769,Mococha,14/09/2020,38,septiembre,2020,2
770,Mococha,15/09/2020,38,septiembre,2020,1
771,Mococha,17/09/2020,38,septiembre,2020,0
772,Mococha,18/09/2020,38,septiembre,2020,0
773,Mococha,21/09/2020,39,septiembre,2020,2
774,Mococha,22/09/2020,39,septiembre,2020,0
775,Mococha,23/09/2020,39,septiembre,2020,0
776,Mococha,24/09/2020,39,septiembre,2020,1
777,Mococha,25/09/2020,39,septiembre,2020,2
778,Mococha,28/09/2020,40,septiembre,2020,0
779,Mococha,29/09/2020,40,septiembre,2020,0
780,Mococha,01/10/2020,40,octubre,2020,0
781,Mococha,02/10/2020,40,octubre,2020,0
782,Mococha,02/10/2020,40,octubre,2020,0
783,Mococha,05/10/2020,41,octubre,2020,0
784,Mococha,13/10/2020,42,octubre,2020,0
785,Mococha,15/10/2020,42,octubre,2020,0
786,Mococha,16/10/2020,42,octubre,2020,0
787,Mococha,20/10/2020,43,octubre,2020,0
788,Mococha,21/10/2020,43,octubre,2020,0
789,Mococha,23/10/2020,43,octubre,2020,1
790,Mococha,29/10/2020,44,octubre,2020,0
791,Mococha,30/10/2020,44,octubre,2020,0
792,Mococha,30/10/2020,44,octubre,2020,0
793,Mococha,03/11/2020,45,noviembre,2020,0
794,Mococha,04/11/2020,45,noviembre,2020,0
795,Mococha,05/11/2020,45,noviembre,2020,0
796,Mococha,06/11/2020,45,noviembre,2020,0
797,Mococha,08/11/2020,46,noviembre,2020,1
798,Mococha,10/12/2020,50,diciembre,2020,0
799,Mococha,11/12/2020,50,diciembre,2020,0
800,Mococha,14/12/2020,51,diciembre,2020,3
801,Mococha,15/12/2020,51,diciembre,2020,2
802,Mococha,16/12/2020,51,diciembre,2020,7
803,Mococha,17/12/2020,51,diciembre,2020,1
804,Mococha,18/12/2020,51,diciembre,2020,5
805,Mococha,21/12/2020,52,diciembre,2020,1
806,Mococha,22/12/2020,52,diciembre,2020,1
807,Mococha,22/12/2020,52,diciembre,2020,2
808,Mococha,23/12/2020,52,diciembre,2020,0
809,Mococha,23/12/2020,52,diciembre,2020,0
810,Mococha,24/12/2020,52,diciembre,2020,2
811,Mococha,19/01/2021,4,enero,2021,5
812,Mococha,20/01/2021,4,enero,2021,2
813,Mococha,21/01/2021,4,enero,2021,1
814,Mococha,25/01/2021,5,enero,2021,0
815,Mococha,26/01/2021,5,enero,2021,0
816,Mococha,27/01/2021,5,enero,2021,0
817,Mococha,28/01/2021,5,enero,2021,3
818,Mococha,01/02/2021,6,febrero,2021,0
819,Mococha,02/02/2021,6,febrero,2021,1
820,Mococha,04/02/2021,6,febrero,2021,0
821,Mococha,05/02/2021,6,febrero,2021,0
822,Mococha,08/02/2021,7,febrero,2021,0
823,Mococha,09/02/2021,7,febrero,2021,0
824,Mococha,10/02/2021,7,febrero,2021,1
825,Mococha,11/02/2021,7,febrero,2021,0
826,Mococha,12/02/2021,7,febrero,2021,0
827,Mococha,15/02/2021,8,febrero,2021,1
828,Mococha,16/02/2021,8,febrero,2021,1
829,Mococha,17/02/2021,8,febrero,2021,0
830,Mococha,18/02/2021,8,febrero,2021,0
831,Mococha,19/02/2021,8,febrero,2021,0
832,Mococha,22/02/2021,9,febrero,2021,0
833,Mococha,23/02/2021,9,febrero,2021,0
834,Mococha,25/02/2021,9,febrero,2021,0
835,Mococha,26/02/2021,9,febrero,2021,0
836,Mococha,01/03/2021,10,marzo,2021,0
837,Mococha,02/03/2021,10,marzo,2021,0
838,Mococha,03/03/2021,10,marzo,2021,0
839,Mococha,04/03/2021,10,marzo,2021,0
840,Mococha,06/03/2021,10,marzo,2021,0
841,Mococha,08/03/2021,11,marzo,2021,0
842,Mococha,09/03/2021,11,marzo,2021,0
843,Mococha,10/03/2021,11,marzo,2021,0
844,Mococha,11/03/2021,11,marzo,2021,1
845,Mococha,12/03/2021,11,marzo,2021,0
846,Mococha,16/03/2021,12,marzo,2021,0
847,Mococha,17/03/2021,12,marzo,2021,0
848,Mococha,18/03/2021,12,marzo,2021,0
849,Mococha,19/03/2021,12,marzo,2021,0
850,Mococha,22/03/2021,13,marzo,2021,0
851,Mococha,23/03/2021,13,marzo,2021,0
852,Mococha,24/03/2021,13,marzo,2021,0
853,Mococha,25/03/2021,13,marzo,2021,0
854,Mococha,26/03/2021,13,marzo,2021,0
855,Mococha,29/03/2021,14,marzo,2021,1
856,Mococha,30/03/2021,14,marzo,2021,0
857,Mococha,01/04/2021,14,abril,2021,0
858,Mococha,02/04/2021,14,abril,2021,0
859,Mococha,05/04/2021,15,abril,2021,0
860,Mococha,06/04/2021,15,abril,2021,0
861,Mococha,07/04/2021,15,abril,2021,0
862,Mococha,08/04/2021,15,abril,2021,0
863,Mococha,09/04/2021,15,abril,2021,0
864,Mococha,12/04/2021,16,abril,2021,0
865,Mococha,13/04/2021,16,abril,2021,0
866,Mococha,14/04/2021,16,abril,2021,0
867,Mococha,15/04/2021,16,abril,2021,0
868,Mococha,16/04/2021,16,abril,2021,0
869,Mococha,19/04/2021,17,abril,2021,0
870,Mococha,20/04/2021,17,abril,2021,0
871,Mococha,22/04/2021,17,abril,2021,0
872,Mococha,23/04/2021,17,abril,2021,0
873,Mococha,26/04/2021,18,abril,2021,0
874,Mococha,27/04/2021,18,abril,2021,0
875,Mococha,29/04/2021,18,abril,2021,0
876,Mococha,30/04/2021,18,abril,2021,0
877,Mococha,03/05/2021,19,mayo,2021,0
878,Mococha,04/05/2021,19,mayo,2021,0
879,Mococha,06/05/2021,19,mayo,2021,0
880,Mococha,07/05/2021,19,mayo,2021,0
881,Mococha,10/05/2021,20,mayo,2021,0
882,Mococha,13/05/2021,20,mayo,2021,0
883,Mococha,14/05/2021,20,mayo,2021,0
884,Mococha,17/05/2021,21,mayo,2021,0
885,Mococha,18/05/2021,21,mayo,2021,0
886,Mococha,20/05/2021,21,mayo,2021,0
887,Mococha,21/05/2021,21,mayo,2021,0
888,Mococha,24/05/2021,22,mayo,2021,0
889,Mococha,25/05/2021,22,mayo,2021,0
890,Mococha,27/05/2021,22,mayo,2021,0
891,Mococha,28/05/2021,22,mayo,2021,0
892,Mococha,31/05/2021,23,mayo,2021,0
893,Mococha,01/06/2021,23,junio,2021,0
894,Mococha,02/06/2021,23,junio,2021,0
895,Mococha,03/06/2021,23,junio,2021,0
896,Mococha,04/06/2021,23,junio,2021,0
897,Mococha,08/06/2021,24,junio,2021,0
898,Mococha,10/06/2021,24,junio,2021,0
899,Mococha,11/06/2021,24,junio,2021,0
900,Mococha,14/06/2021,25,junio,2021,0
901,Mococha,15/06/2021,25,junio,2021,0
902,Mococha,16/06/2021,25,junio,2021,0
903,Mococha,17/06/2021,25,junio,2021,0
904,Mococha,18/06/2021,25,junio,2021,0
905,Mococha,21/06/2021,26,junio,2021,0
906,Mococha,22/06/2021,26,junio,2021,0
907,Mococha,24/06/2021,26,junio,2021,0
908,Mococha,25/06/2021,26,junio,2021,0
909,Mococha,29/06/2021,27,junio,2021,0
910,Mococha,01/07/2021,27,julio,2021,0
911,Mococha,02/07/2021,27,julio,2021,0
912,Mococha,05/07/2021,28,julio,2021,0
913,Mococha,06/07/2021,28,julio,2021,0
914,Mococha,08/07/2021,28,julio,2021,1
915,Mococha,09/07/2021,28,julio,2021,0
916,Mococha,12/07/2021,29,julio,2021,0
917,Mococha,13/07/2021,29,julio,2021,0
918,Mococha,15/07/2021,29,julio,2021,0
919,Mococha,16/07/2021,29,julio,2021,0
920,Mococha,19/07/2021,30,julio,2021,0
921,Mococha,20/07/2021,30,julio,2021,0
922,Mococha,22/07/2021,30,julio,2021,0
923,Mococha,23/07/2021,30,julio,2021,0
924,Mococha,26/07/2021,31,julio,2021,0
925,Mococha,27/07/2021,31,julio,2021,0
926,Mococha,29/07/2021,31,julio,2021,1
927,Mococha,30/07/2021,31,julio,2021,0
928,Mococha,02/08/2021,32,agosto,2021,0
929,Mococha,03/08/2021,32,agosto,2021,0
930,Mococha,05/08/2021,32,agosto,2021,1
931,Mococha,06/08/2021,32,agosto,2021,0
932,Mococha,09/08/2021,33,agosto,2021,0
933,Mococha,10/08/2021,33,agosto,2021,0
934,Mococha,12/08/2021,33,agosto,2021,0
935,Mococha,13/08/2021,33,agosto,2021,0
936,Mococha,16/08/2021,34,agosto,2021,0
937,Mococha,17/08/2021,34,agosto,2021,1
938,Mococha,20/08/2021,34,agosto,2021,0
939,Mococha,23/08/2021,35,agosto,2021,0
940,Mococha,24/08/2021,35,agosto,2021,0
941,Mococha,25/08/2021,35,agosto,2021,0
942,Mococha,26/08/2021,35,agosto,2021,1
943,Mococha,27/08/2021,35,agosto,2021,0
944,Mococha,30/08/2021,36,agosto,2021,0
945,Mococha,31/08/2021,36,agosto,2021,0
946,Mococha,01/09/2021,36,septiembre,2021,0
947,Mococha,02/09/2021,36,septiembre,2021,0
948,Mococha,06/09/2021,37,septiembre,2021,0
949,Mococha,07/09/2021,37,septiembre,2021,0
950,Mococha,08/09/2021,37,septiembre,2021,0
951,Mococha,09/09/2021,37,septiembre,2021,0
952,Mococha,10/09/2021,37,septiembre,2021,0
953,Mococha,13/09/2021,38,septiembre,2021,0
954,Mococha,17/09/2021,38,septiembre,2021,0
955,Mococha,20/09/2021,39,septiembre,2021,1
956,Mococha,21/09/2021,39,septiembre,2021,0
957,Mococha,22/09/2021,39,septiembre,2021,0
958,Mococha,23/09/2021,39,septiembre,2021,0
959,Mococha,24/09/2021,39,septiembre,2021,0
960,Mococha,27/09/2021,40,septiembre,2021,0
961,Mococha,28/09/2021,40,septiembre,2021,0
962,Mococha,29/09/2021,40,septiembre,2021,0
963,Mococha,30/09/2021,40,septiembre,2021,0
964,Mococha,01/10/2021,40,octubre,2021,1
965,Mococha,04/10/2021,41,octubre,2021,2
966,Mococha,05/10/2021,41,octubre,2021,1
967,Mococha,06/10/2021,41,octubre,2021,0
968,Mococha,07/10/2021,41,octubre,2021,0
969,Mococha,08/10/2021,41,octubre,2021,1
970,Mococha,11/10/2021,42,octubre,2021,0
971,Mococha,12/10/2021,42,octubre,2021,0
972,Mococha,13/10/2021,42,octubre,2021,1
973,Mococha,14/10/2021,42,octubre,2021,0
974,Mococha,15/10/2021,42,octubre,2021,1
975,Mococha,18/10/2021,43,octubre,2021,0
976,Mococha,19/10/2021,43,octubre,2021,0
977,Mococha,19/10/2021,43,octubre,2021,0
978,Mococha,20/10/2021,43,octubre,2021,0
979,Mococha,21/10/2021,43,octubre,2021,0
980,Mococha,22/10/2021,43,octubre,2021,1
981,Mococha,23/10/2021,43,octubre,2021,0
982,Mococha,25/10/2021,44,octubre,2021,0
983,Mococha,26/10/2021,44,octubre,2021,0
984,Mococha,27/10/2021,44,octubre,2021,0
985,Mococha,28/10/2021,44,octubre,2021,0
986,Mococha,29/10/2021,44,octubre,2021,1
987,Mococha,29/10/2021,44,octubre,2021,0
988,Mococha,01/11/2021,45,noviembre,2021,0
989,Mococha,03/11/2021,45,noviembre,2021,0
990,Mococha,04/11/2021,45,noviembre,2021,0
991,Mococha,05/11/2021,45,noviembre,2021,0
992,Mococha,05/11/2021,45,noviembre,2021,0
993,Mococha,08/11/2021,46,noviembre,2021,1
994,Mococha,09/11/2021,46,noviembre,2021,0
995,Mococha,10/11/2021,46,noviembre,2021,0
996,Mococha,11/11/2021,46,noviembre,2021,0
997,Mococha,12/11/2021,46,noviembre,2021,0
998,Mococha,16/11/2021,47,noviembre,2021,0
999,Mococha,17/11/2021,47,noviembre,2021,2
1000,Mococha,18/11/2021,47,noviembre,2021,1
1001,Mococha,19/11/2021,47,noviembre,2021,0
1002,Mococha,19/11/2021,47,noviembre,2021,2
1003,Mococha,22/11/2021,48,noviembre,2021,1
1004,Mococha,23/11/2021,48,noviembre,2021,0
1005,Mococha,24/11/2021,48,noviembre,2021,0
1006,Mococha,25/11/2021,48,noviembre,2021,0
1007,Mococha,26/11/2021,48,noviembre,2021,1
1008,Mococha,27/11/2021,48,noviembre,2021,1
1009,Mococha,27/11/2021,48,noviembre,2021,0
1010,Mococha,29/11/2021,49,noviembre,2021,0
1011,Mococha,30/11/2021,49,noviembre,2021,0
1012,Mococha,30/11/2021,49,noviembre,2021,0
1013,Mococha,01/12/2021,49,diciembre,2021,0
1014,Mococha,01/12/2021,49,diciembre,2021,1
1015,Mococha,02/12/2021,49,diciembre,2021,0
1016,Mococha,03/12/2021,49,diciembre,2021,0
1017,Mococha,06/12/2021,50,diciembre,2021,1
1018,Mococha,07/12/2021,50,diciembre,2021,0
1019,Mococha,08/12/2021,50,diciembre,2021,0
1020,Mococha,09/12/2021,50,diciembre,2021,0
1021,Mococha,10/12/2021,50,diciembre,2021,1
1022,Mococha,13/12/2021,51,diciembre,2021,0
1023,Mococha,14/12/2021,51,diciembre,2021,0
1024,Mococha,15/12/2021,51,diciembre,2021,0
1025,Mococha,16/12/2021,51,diciembre,2021,0
1026,Mococha,17/12/2021,51,diciembre,2021,0
1027,Mococha,20/12/2021,52,diciembre,2021,0
1028,Mococha,21/12/2021,52,diciembre,2021,0
1029,Mococha,21/12/2021,52,diciembre,2021,1
1030,Mococha,22/12/2021,52,diciembre,2021,0
1031,Mococha,22/12/2021,52,diciembre,2021,0
1032,Mococha,23/12/2021,52,diciembre,2021,0
1033,Mococha,23/12/2021,52,diciembre,2021,0
1034,Mococha,27/12/2021,53,diciembre,2021,0
1035,Mococha,28/12/2021,53,diciembre,2021,1
1036,Mococha,29/12/2021,53,diciembre,2021,0
1037,Mococha,30/12/2021,53,diciembre,2021,0
1038,Mococha,03/01/2022,2,enero,2022,0
1039,Mococha,04/01/2022,2,enero,2022,0
1040,Mococha,04/01/2022,2,enero,2022,1
1041,Mococha,05/01/2022,2,enero,2022,0
1042,Mococha,05/01/2022,2,enero,2022,0
1043,Mococha,06/01/2022,2,enero,2022,0
1044,Mococha,06/01/2022,2,enero,2022,1
1045,Mococha,07/01/2022,2,enero,2022,5
1046,Mococha,10/01/2022,3,enero,2022,0
1047,Mococha,11/01/2022,3,enero,2022,0
1048,Mococha,11/01/2022,3,enero,2022,1
1049,Mococha,12/01/2022,3,enero,2022,0
1050,Mococha,12/01/2022,3,enero,2022,0
1051,Mococha,13/01/2022,3,enero,2022,0
1052,Mococha,13/01/2022,3,enero,2022,1
1053,Mococha,14/01/2022,3,enero,2022,1
1054,Mococha,14/01/2022,3,enero,2022,0
1055,Mococha,17/01/2022,4,enero,2022,0
1056,Mococha,18/01/2022,4,enero,2022,0
1057,Mococha,18/01/2022,4,enero,2022,0
1058,Mococha,19/01/2022,4,enero,2022,0
1059,Mococha,19/01/2022,4,enero,2022,0
1060,Mococha,20/01/2022,4,enero,2022,1
1061,Mococha,21/01/2022,4,enero,2022,0
1062,Mococha,24/01/2022,5,enero,2022,0
1063,Mococha,25/01/2022,5,enero,2022,0
1064,Mococha,26/01/2022,5,enero,2022,0
1065,Mococha,26/01/2022,5,enero,2022,0
1066,Mococha,27/01/2022,5,enero,2022,1
1067,Mococha,27/01/2022,5,enero,2022,1
1068,Mococha,28/01/2022,5,enero,2022,0
1069,Mococha,31/01/2022,6,enero,2022,0
1070,Mococha,01/02/2022,6,febrero,2022,0
1071,Mococha,02/02/2022,6,febrero,2022,0
1072,Mococha,03/02/2022,6,febrero,2022,0
1073,Mococha,04/02/2022,6,febrero,2022,0
1074,Mococha,08/02/2022,7,febrero,2022,0
1075,Mococha,09/02/2022,7,febrero,2022,0
1076,Mococha,09/02/2022,7,febrero,2022,0
1077,Mococha,10/02/2022,7,febrero,2022,0
1078,Mococha,10/02/2022,7,febrero,2022,0
1079,Mococha,11/02/2022,7,febrero,2022,0
1080,Mococha,11/02/2022,7,febrero,2022,0
1081,Mococha,14/02/2022,8,febrero,2022,0
1082,Mococha,15/02/2022,8,febrero,2022,0
1083,Mococha,15/02/2022,8,febrero,2022,0
1084,Mococha,16/02/2022,8,febrero,2022,0
1085,Mococha,16/02/2022,8,febrero,2022,0
1086,Mococha,17/02/2022,8,febrero,2022,0
1087,Mococha,18/02/2022,8,febrero,2022,1
1088,Mococha,21/02/2022,9,febrero,2022,0
1089,Mococha,22/02/2022,9,febrero,2022,0
1090,Mococha,23/02/2022,9,febrero,2022,1
1091,Mococha,24/02/2022,9,febrero,2022,0
1092,Mococha,25/02/2022,9,febrero,2022,0
1093,Mococha,28/02/2022,10,febrero,2022,0
1094,Mococha,01/03/2022,10,marzo,2022,0
1095,Mococha,01/03/2022,10,marzo,2022,0
1096,Mococha,02/03/2022,10,marzo,2022,0
1097,Mococha,02/03/2022,10,marzo,2022,0
1098,Mococha,03/03/2022,10,marzo,2022,0
1099,Mococha,03/03/2022,10,marzo,2022,0
1100,Mococha,04/03/2022,10,marzo,2022,1
1101,Mococha,07/03/2022,11,marzo,2022,0
1102,Mococha,08/03/2022,11,marzo,2022,1
1103,Mococha,09/03/2022,11,marzo,2022,0
1104,Mococha,10/03/2022,11,marzo,2022,0
1105,Mococha,11/03/2022,11,marzo,2022,0
1106,Mococha,14/03/2022,12,marzo,2022,1
1107,Mococha,15/03/2022,12,marzo,2022,0
1108,Mococha,16/03/2022,12,marzo,2022,1
1109,Mococha,16/03/2022,12,marzo,2022,2
1110,Mococha,17/03/2022,12,marzo,2022,0
1111,Mococha,17/03/2022,12,marzo,2022,0
1112,Mococha,18/03/2022,12,marzo,2022,0
1113,Mococha,22/03/2022,13,marzo,2022,0
1114,Mococha,23/03/2022,13,marzo,2022,0
1115,Mococha,23/03/2022,13,marzo,2022,0
1116,Mococha,24/03/2022,13,marzo,2022,0
1117,Mococha,24/03/2022,13,marzo,2022,0
1118,Mococha,25/03/2022,13,marzo,2022,0
1119,Mococha,25/03/2022,13,marzo,2022,1
1120,Mococha,28/03/2022,14,marzo,2022,0
1121,Mococha,29/03/2022,14,marzo,2022,0
1122,Mococha,30/03/2022,14,marzo,2022,0
1123,Mococha,31/03/2022,14,marzo,2022,0
1124,Mococha,31/03/2022,14,marzo,2022,0
1125,Mococha,01/04/2022,14,abril,2022,0
1126,Mococha,01/04/2022,14,abril,2022,0
1127,Mococha,04/04/2022,15,abril,2022,0
1128,Mococha,05/04/2022,15,abril,2022,0
1129,Mococha,06/04/2022,15,abril,2022,0
1130,Mococha,07/04/2022,15,abril,2022,0
1131,Mococha,07/04/2022,15,abril,2022,0
1132,Mococha,08/04/2022,15,abril,2022,0
1133,Mococha,08/04/2022,15,abril,2022,0
1134,Mococha,11/04/2022,16,abril,2022,0
1135,Mococha,12/04/2022,16,abril,2022,0
1136,Mococha,14/04/2022,16,abril,2022,0
1137,Mococha,18/04/2022,17,abril,2022,0
1138,Mococha,19/04/2022,17,abril,2022,0
1139,Mococha,20/04/2022,17,abril,2022,0
1140,Mococha,20/04/2022,17,abril,2022,0
1141,Mococha,21/04/2022,17,abril,2022,0
1142,Mococha,22/04/2022,17,abril,2022,0
1143,Mococha,25/04/2022,18,abril,2022,0
1144,Mococha,26/04/2022,18,abril,2022,0
1145,Mococha,27/04/2022,18,abril,2022,0
1146,Mococha,27/04/2022,18,abril,2022,1
1147,Mococha,28/04/2022,18,abril,2022,0
1148,Mococha,28/04/2022,18,abril,2022,0
1149,Mococha,29/04/2022,18,abril,2022,0
1150,Mococha,29/04/2022,18,abril,2022,0
1151,Mococha,02/05/2022,19,mayo,2022,0
1152,Mococha,03/05/2022,19,mayo,2022,0
1153,Mococha,03/05/2022,19,mayo,2022,0
1154,Mococha,04/05/2022,19,mayo,2022,0
1155,Mococha,06/05/2022,19,mayo,2022,0
1156,Mococha,09/05/2022,20,mayo,2022,0
1157,Mococha,10/05/2022,20,mayo,2022,0
1158,Mococha,11/05/2022,20,mayo,2022,0
1159,Mococha,12/05/2022,20,mayo,2022,0
1160,Mococha,13/05/2022,20,mayo,2022,0
1161,Mococha,17/05/2022,21,mayo,2022,0
1162,Mococha,18/05/2022,21,mayo,2022,0
1163,Mococha,19/05/2022,21,mayo,2022,0
1164,Mococha,19/05/2022,21,mayo,2022,0
1165,Mococha,20/05/2022,21,mayo,2022,0
1166,Mococha,23/05/2022,22,mayo,2022,0
1167,Mococha,24/05/2022,22,mayo,2022,0
1168,Mococha,24/05/2022,22,mayo,2022,0
1169,Mococha,25/05/2022,22,mayo,2022,0
1170,Mococha,26/05/2022,22,mayo,2022,0
1171,Mococha,30/05/2022,23,mayo,2022,0
1172,Mococha,31/05/2022,23,mayo,2022,0
1173,Mococha,01/06/2022,23,junio,2022,0
1174,Mococha,02/06/2022,23,junio,2022,0
1175,Mococha,03/06/2022,23,junio,2022,0
1176,Mococha,06/06/2022,24,junio,2022,0
1177,Mococha,07/06/2022,24,junio,2022,0
1178,Mococha,08/06/2022,24,junio,2022,0
1179,Mococha,09/06/2022,24,junio,2022,0
1180,Mococha,10/06/2022,24,junio,2022,0
1181,Mococha,13/06/2022,25,junio,2022,0
1182,Mococha,14/06/2022,25,junio,2022,0
1183,Mococha,15/06/2022,25,junio,2022,0
1184,Mococha,16/06/2022,25,junio,2022,0
1185,Mococha,17/06/2022,25,junio,2022,1
1186,Mococha,20/06/2022,26,junio,2022,0
1187,Mococha,21/06/2022,26,junio,2022,0
1189,Mococha,22/06/2022,26,junio,2022,0
1190,Mococha,23/06/2022,26,junio,2022,0
1191,Mococha,24/06/2022,26,junio,2022,1
1192,Mococha,27/06/2022,27,junio,2022,1
1193,Mococha,28/06/2022,27,junio,2022,0
1195,Mococha,29/06/2022,27,junio,2022,0
1195,Mococha,30/06/2022,27,junio,2022,0
1196,Mococha,01/07/2022,27,julio,2022,0
1197,Mococha,04/07/2022,28,julio,2022,0
1198,Mococha,05/07/2022,28,julio,2022,0
1199,Mococha,06/07/2022,28,julio,2022,0
1200,Mococha,06/07/2022,28,julio,2022,0
1201,Mococha,07/07/2022,28,julio,2022,0
1202,Mococha,07/07/2022,28,julio,2022,0
1203,Mococha,08/07/2022,28,julio,2022,0
1204,Mococha,08/07/2022,28,julio,2022,0
