"","fecha","tipo","total","Fecha"
"01-2013","01-2013","Robo total de vehículo",49935,ene. 2013
"02-2013","02-2013","Robo total de vehículo",54674,feb. 2013
"03-2013","03-2013","Robo total de vehículo",48588,mar. 2013
"04-2013","04-2013","Robo total de vehículo",36967,abr. 2013
"05-2013","05-2013","Robo total de vehículo",44461,may. 2013
"06-2013","06-2013","Robo total de vehículo",48206,jun. 2013
"07-2013","07-2013","Robo total de vehículo",42698,jul. 2013
"08-2013","08-2013","Robo total de vehículo",51352,ago. 2013
"09-2013","09-2013","Robo total de vehículo",38558,sep. 2013
"10-2013","10-2013","Robo total de vehículo",36264,oct. 2013
"11-2013","11-2013","Robo total de vehículo",54536,nov. 2013
"12-2013","12-2013","Robo total de vehículo",50535,dic. 2013
"01-20131","01-2013","Robo parcial de vehículo",172393,ene. 2013
"02-20131","02-2013","Robo parcial de vehículo",274710,feb. 2013
"03-20131","03-2013","Robo parcial de vehículo",273955,mar. 2013
"04-20131","04-2013","Robo parcial de vehículo",172226,abr. 2013
"05-20131","05-2013","Robo parcial de vehículo",236445,may. 2013
"06-20131","06-2013","Robo parcial de vehículo",282394,jun. 2013
"07-20131","07-2013","Robo parcial de vehículo",233817,jul. 2013
"08-20131","08-2013","Robo parcial de vehículo",237898,ago. 2013
"09-20131","09-2013","Robo parcial de vehículo",202080,sep. 2013
"10-20131","10-2013","Robo parcial de vehículo",229953,oct. 2013
"11-20131","11-2013","Robo parcial de vehículo",315936,nov. 2013
"12-20131","12-2013","Robo parcial de vehículo",309315,dic. 2013
"01-20132","01-2013","Vandalismo",268068,ene. 2013
"02-20132","02-2013","Vandalismo",322317,feb. 2013
"03-20132","03-2013","Vandalismo",301186,mar. 2013
"04-20132","04-2013","Vandalismo",198058,abr. 2013
"05-20132","05-2013","Vandalismo",256785,may. 2013
"06-20132","06-2013","Vandalismo",285316,jun. 2013
"07-20132","07-2013","Vandalismo",239674,jul. 2013
"08-20132","08-2013","Vandalismo",228906,ago. 2013
"09-20132","09-2013","Vandalismo",228473,sep. 2013
"10-20132","10-2013","Vandalismo",203936,oct. 2013
"11-20132","11-2013","Vandalismo",297943,nov. 2013
"12-20132","12-2013","Vandalismo",395444,dic. 2013
"01-20133","01-2013","Robo en casa",117452,ene. 2013
"02-20133","02-2013","Robo en casa",153512,feb. 2013
"03-20133","03-2013","Robo en casa",152684,mar. 2013
"04-20133","04-2013","Robo en casa",113187,abr. 2013
"05-20133","05-2013","Robo en casa",131110,may. 2013
"06-20133","06-2013","Robo en casa",167140,jun. 2013
"07-20133","07-2013","Robo en casa",144807,jul. 2013
"08-20133","08-2013","Robo en casa",163717,ago. 2013
"09-20133","09-2013","Robo en casa",133708,sep. 2013
"10-20133","10-2013","Robo en casa",151155,oct. 2013
"11-20133","11-2013","Robo en casa",213886,nov. 2013
"12-20133","12-2013","Robo en casa",234805,dic. 2013
"01-20134","01-2013","Robo en la calle",298663,ene. 2013
"02-20134","02-2013","Robo en la calle",363710,feb. 2013
"03-20134","03-2013","Robo en la calle",434984,mar. 2013
"04-20134","04-2013","Robo en la calle",308665,abr. 2013
"05-20134","05-2013","Robo en la calle",431485,may. 2013
"06-20134","06-2013","Robo en la calle",387194,jun. 2013
"07-20134","07-2013","Robo en la calle",353696,jul. 2013
"08-20134","08-2013","Robo en la calle",462392,ago. 2013
"09-20134","09-2013","Robo en la calle",416842,sep. 2013
"10-20134","10-2013","Robo en la calle",418987,oct. 2013
"11-20134","11-2013","Robo en la calle",598308,nov. 2013
"12-20134","12-2013","Robo en la calle",783109,dic. 2013
"01-20135","01-2013","Otro tipo de robo",16255,ene. 2013
"02-20135","02-2013","Otro tipo de robo",24570,feb. 2013
"03-20135","03-2013","Otro tipo de robo",25572,mar. 2013
"04-20135","04-2013","Otro tipo de robo",22217,abr. 2013
"05-20135","05-2013","Otro tipo de robo",25228,may. 2013
"06-20135","06-2013","Otro tipo de robo",26468,jun. 2013
"07-20135","07-2013","Otro tipo de robo",25474,jul. 2013
"08-20135","08-2013","Otro tipo de robo",25799,ago. 2013
"09-20135","09-2013","Otro tipo de robo",27222,sep. 2013
"10-20135","10-2013","Otro tipo de robo",15719,oct. 2013
"11-20135","11-2013","Otro tipo de robo",39591,nov. 2013
"12-20135","12-2013","Otro tipo de robo",41832,dic. 2013
"01-20136","01-2013","Fraude bancario",87948,ene. 2013
"02-20136","02-2013","Fraude bancario",95868,feb. 2013
"03-20136","03-2013","Fraude bancario",103205,mar. 2013
"04-20136","04-2013","Fraude bancario",47036,abr. 2013
"05-20136","05-2013","Fraude bancario",93517,may. 2013
"06-20136","06-2013","Fraude bancario",81914,jun. 2013
"07-20136","07-2013","Fraude bancario",79395,jul. 2013
"08-20136","08-2013","Fraude bancario",81925,ago. 2013
"09-20136","09-2013","Fraude bancario",72814,sep. 2013
"10-20136","10-2013","Fraude bancario",71222,oct. 2013
"11-20136","11-2013","Fraude bancario",101161,nov. 2013
"12-20136","12-2013","Fraude bancario",111200,dic. 2013
"01-20137","01-2013","Fraude al consumidor",98933,ene. 2013
"02-20137","02-2013","Fraude al consumidor",102347,feb. 2013
"03-20137","03-2013","Fraude al consumidor",108338,mar. 2013
"04-20137","04-2013","Fraude al consumidor",48428,abr. 2013
"05-20137","05-2013","Fraude al consumidor",79593,may. 2013
"06-20137","06-2013","Fraude al consumidor",87019,jun. 2013
"07-20137","07-2013","Fraude al consumidor",65867,jul. 2013
"08-20137","08-2013","Fraude al consumidor",85967,ago. 2013
"09-20137","09-2013","Fraude al consumidor",64140,sep. 2013
"10-20137","10-2013","Fraude al consumidor",91597,oct. 2013
"11-20137","11-2013","Fraude al consumidor",98528,nov. 2013
"12-20137","12-2013","Fraude al consumidor",120194,dic. 2013
"01-20138","01-2013","Extorsión",270032,ene. 2013
"02-20138","02-2013","Extorsión",401375,feb. 2013
"03-20138","03-2013","Extorsión",387845,mar. 2013
"04-20138","04-2013","Extorsión",297030,abr. 2013
"05-20138","05-2013","Extorsión",388446,may. 2013
"06-20138","06-2013","Extorsión",429252,jun. 2013
"07-20138","07-2013","Extorsión",358617,jul. 2013
"08-20138","08-2013","Extorsión",364481,ago. 2013
"09-20138","09-2013","Extorsión",292198,sep. 2013
"10-20138","10-2013","Extorsión",338377,oct. 2013
"11-20138","11-2013","Extorsión",482429,nov. 2013
"12-20138","12-2013","Extorsión",482772,dic. 2013
"01-20139","01-2013","Amenazas verbales",117779,ene. 2013
"02-20139","02-2013","Amenazas verbales",208256,feb. 2013
"03-20139","03-2013","Amenazas verbales",164283,mar. 2013
"04-20139","04-2013","Amenazas verbales",132794,abr. 2013
"05-20139","05-2013","Amenazas verbales",141287,may. 2013
"06-20139","06-2013","Amenazas verbales",168031,jun. 2013
"07-20139","07-2013","Amenazas verbales",140117,jul. 2013
"08-20139","08-2013","Amenazas verbales",179679,ago. 2013
"09-20139","09-2013","Amenazas verbales",152373,sep. 2013
"10-20139","10-2013","Amenazas verbales",185073,oct. 2013
"11-20139","11-2013","Amenazas verbales",207378,nov. 2013
"12-20139","12-2013","Amenazas verbales",295655,dic. 2013
"01-201310","01-2013","Lesiones físicas",42347,ene. 2013
"02-201310","02-2013","Lesiones físicas",75841,feb. 2013
"03-201310","03-2013","Lesiones físicas",72190,mar. 2013
"04-201310","04-2013","Lesiones físicas",41236,abr. 2013
"05-201310","05-2013","Lesiones físicas",57427,may. 2013
"06-201310","06-2013","Lesiones físicas",54493,jun. 2013
"07-201310","07-2013","Lesiones físicas",60317,jul. 2013
"08-201310","08-2013","Lesiones físicas",68893,ago. 2013
"09-201310","09-2013","Lesiones físicas",70282,sep. 2013
"10-201310","10-2013","Lesiones físicas",63614,oct. 2013
"11-201310","11-2013","Lesiones físicas",76312,nov. 2013
"12-201310","12-2013","Lesiones físicas",113727,dic. 2013
"01-201311","01-2013","Secuestro",4664,ene. 2013
"02-201311","02-2013","Secuestro",6664,feb. 2013
"03-201311","03-2013","Secuestro",4259,mar. 2013
"04-201311","04-2013","Secuestro",4262,abr. 2013
"05-201311","05-2013","Secuestro",2699,may. 2013
"06-201311","06-2013","Secuestro",9522,jun. 2013
"07-201311","07-2013","Secuestro",5108,jul. 2013
"08-201311","08-2013","Secuestro",8340,ago. 2013
"09-201311","09-2013","Secuestro",3574,sep. 2013
"10-201311","10-2013","Secuestro",4770,oct. 2013
"11-201311","11-2013","Secuestro",7291,nov. 2013
"12-201311","12-2013","Secuestro",3768,dic. 2013
"01-201312","01-2013","Hostigamiento",21746,ene. 2013
"02-201312","02-2013","Hostigamiento",44857,feb. 2013
"03-201312","03-2013","Hostigamiento",35660,mar. 2013
"04-201312","04-2013","Hostigamiento",25911,abr. 2013
"05-201312","05-2013","Hostigamiento",32398,may. 2013
"06-201312","06-2013","Hostigamiento",45358,jun. 2013
"07-201312","07-2013","Hostigamiento",23922,jul. 2013
"08-201312","08-2013","Hostigamiento",47034,ago. 2013
"09-201312","09-2013","Hostigamiento",24547,sep. 2013
"10-201312","10-2013","Hostigamiento",18360,oct. 2013
"11-201312","11-2013","Hostigamiento",45629,nov. 2013
"12-201312","12-2013","Hostigamiento",49079,dic. 2013
"01-201313","01-2013","Violación",7007,ene. 2013
"02-201313","02-2013","Violación",2754,feb. 2013
"03-201313","03-2013","Violación",8163,mar. 2013
"04-201313","04-2013","Violación",8054,abr. 2013
"05-201313","05-2013","Violación",3553,may. 2013
"06-201313","06-2013","Violación",7860,jun. 2013
"07-201313","07-2013","Violación",2605,jul. 2013
"08-201313","08-2013","Violación",4313,ago. 2013
"09-201313","09-2013","Violación",3902,sep. 2013
"10-201313","10-2013","Violación",1316,oct. 2013
"11-201313","11-2013","Violación",2918,nov. 2013
"12-201313","12-2013","Violación",7426,dic. 2013
"01-201314","01-2013","Otros",2934,ene. 2013
"02-201314","02-2013","Otros",6475,feb. 2013
"03-201314","03-2013","Otros",1760,mar. 2013
"04-201314","04-2013","Otros",2612,abr. 2013
"05-201314","05-2013","Otros",2940,may. 2013
"06-201314","06-2013","Otros",1373,jun. 2013
"07-201314","07-2013","Otros",8018,jul. 2013
"08-201314","08-2013","Otros",3792,ago. 2013
"09-201314","09-2013","Otros",5263,sep. 2013
"10-201314","10-2013","Otros",3742,oct. 2013
"11-201314","11-2013","Otros",7237,nov. 2013
"12-201314","12-2013","Otros",4599,dic. 2013
"01-2014","01-2014","Robo total de vehículo",40258,ene. 2014
"02-2014","02-2014","Robo total de vehículo",61725,feb. 2014
"03-2014","03-2014","Robo total de vehículo",59276,mar. 2014
"04-2014","04-2014","Robo total de vehículo",26838,abr. 2014
"05-2014","05-2014","Robo total de vehículo",50696,may. 2014
"06-2014","06-2014","Robo total de vehículo",49174,jun. 2014
"07-2014","07-2014","Robo total de vehículo",30968,jul. 2014
"08-2014","08-2014","Robo total de vehículo",40748,ago. 2014
"09-2014","09-2014","Robo total de vehículo",45605,sep. 2014
"10-2014","10-2014","Robo total de vehículo",34865,oct. 2014
"11-2014","11-2014","Robo total de vehículo",48278,nov. 2014
"12-2014","12-2014","Robo total de vehículo",33101,dic. 2014
"01-20141","01-2014","Robo parcial de vehículo",197038,ene. 2014
"02-20141","02-2014","Robo parcial de vehículo",252907,feb. 2014
"03-20141","03-2014","Robo parcial de vehículo",264884,mar. 2014
"04-20141","04-2014","Robo parcial de vehículo",179614,abr. 2014
"05-20141","05-2014","Robo parcial de vehículo",239224,may. 2014
"06-20141","06-2014","Robo parcial de vehículo",279057,jun. 2014
"07-20141","07-2014","Robo parcial de vehículo",210233,jul. 2014
"08-20141","08-2014","Robo parcial de vehículo",224816,ago. 2014
"09-20141","09-2014","Robo parcial de vehículo",213737,sep. 2014
"10-20141","10-2014","Robo parcial de vehículo",223373,oct. 2014
"11-20141","11-2014","Robo parcial de vehículo",300409,nov. 2014
"12-20141","12-2014","Robo parcial de vehículo",278781,dic. 2014
"01-20142","01-2014","Vandalismo",236417,ene. 2014
"02-20142","02-2014","Vandalismo",312538,feb. 2014
"03-20142","03-2014","Vandalismo",304009,mar. 2014
"04-20142","04-2014","Vandalismo",220873,abr. 2014
"05-20142","05-2014","Vandalismo",247358,may. 2014
"06-20142","06-2014","Vandalismo",335850,jun. 2014
"07-20142","07-2014","Vandalismo",254733,jul. 2014
"08-20142","08-2014","Vandalismo",256691,ago. 2014
"09-20142","09-2014","Vandalismo",263867,sep. 2014
"10-20142","10-2014","Vandalismo",260620,oct. 2014
"11-20142","11-2014","Vandalismo",341455,nov. 2014
"12-20142","12-2014","Vandalismo",411003,dic. 2014
"01-20143","01-2014","Robo en casa",112934,ene. 2014
"02-20143","02-2014","Robo en casa",134061,feb. 2014
"03-20143","03-2014","Robo en casa",144539,mar. 2014
"04-20143","04-2014","Robo en casa",95038,abr. 2014
"05-20143","05-2014","Robo en casa",142460,may. 2014
"06-20143","06-2014","Robo en casa",170553,jun. 2014
"07-20143","07-2014","Robo en casa",159580,jul. 2014
"08-20143","08-2014","Robo en casa",139078,ago. 2014
"09-20143","09-2014","Robo en casa",124579,sep. 2014
"10-20143","10-2014","Robo en casa",145510,oct. 2014
"11-20143","11-2014","Robo en casa",194715,nov. 2014
"12-20143","12-2014","Robo en casa",244026,dic. 2014
"01-20144","01-2014","Robo en la calle",352210,ene. 2014
"02-20144","02-2014","Robo en la calle",487202,feb. 2014
"03-20144","03-2014","Robo en la calle",513926,mar. 2014
"04-20144","04-2014","Robo en la calle",393315,abr. 2014
"05-20144","05-2014","Robo en la calle",514095,may. 2014
"06-20144","06-2014","Robo en la calle",503817,jun. 2014
"07-20144","07-2014","Robo en la calle",359002,jul. 2014
"08-20144","08-2014","Robo en la calle",491190,ago. 2014
"09-20144","09-2014","Robo en la calle",502701,sep. 2014
"10-20144","10-2014","Robo en la calle",557394,oct. 2014
"11-20144","11-2014","Robo en la calle",710902,nov. 2014
"12-20144","12-2014","Robo en la calle",898090,dic. 2014
"01-20145","01-2014","Otro tipo de robo",50733,ene. 2014
"02-20145","02-2014","Otro tipo de robo",50561,feb. 2014
"03-20145","03-2014","Otro tipo de robo",68697,mar. 2014
"04-20145","04-2014","Otro tipo de robo",57108,abr. 2014
"05-20145","05-2014","Otro tipo de robo",77001,may. 2014
"06-20145","06-2014","Otro tipo de robo",75959,jun. 2014
"07-20145","07-2014","Otro tipo de robo",54784,jul. 2014
"08-20145","08-2014","Otro tipo de robo",89375,ago. 2014
"09-20145","09-2014","Otro tipo de robo",70880,sep. 2014
"10-20145","10-2014","Otro tipo de robo",118394,oct. 2014
"11-20145","11-2014","Otro tipo de robo",117002,nov. 2014
"12-20145","12-2014","Otro tipo de robo",141446,dic. 2014
"01-20146","01-2014","Fraude bancario",73251,ene. 2014
"02-20146","02-2014","Fraude bancario",90294,feb. 2014
"03-20146","03-2014","Fraude bancario",94064,mar. 2014
"04-20146","04-2014","Fraude bancario",70926,abr. 2014
"05-20146","05-2014","Fraude bancario",98423,may. 2014
"06-20146","06-2014","Fraude bancario",97723,jun. 2014
"07-20146","07-2014","Fraude bancario",80162,jul. 2014
"08-20146","08-2014","Fraude bancario",92602,ago. 2014
"09-20146","09-2014","Fraude bancario",73759,sep. 2014
"10-20146","10-2014","Fraude bancario",90534,oct. 2014
"11-20146","11-2014","Fraude bancario",96272,nov. 2014
"12-20146","12-2014","Fraude bancario",156220,dic. 2014
"01-20147","01-2014","Fraude al consumidor",88620,ene. 2014
"02-20147","02-2014","Fraude al consumidor",109700,feb. 2014
"03-20147","03-2014","Fraude al consumidor",112825,mar. 2014
"04-20147","04-2014","Fraude al consumidor",85104,abr. 2014
"05-20147","05-2014","Fraude al consumidor",95469,may. 2014
"06-20147","06-2014","Fraude al consumidor",115792,jun. 2014
"07-20147","07-2014","Fraude al consumidor",95319,jul. 2014
"08-20147","08-2014","Fraude al consumidor",95223,ago. 2014
"09-20147","09-2014","Fraude al consumidor",77775,sep. 2014
"10-20147","10-2014","Fraude al consumidor",88325,oct. 2014
"11-20147","11-2014","Fraude al consumidor",119676,nov. 2014
"12-20147","12-2014","Fraude al consumidor",148659,dic. 2014
"01-20148","01-2014","Extorsión",373183,ene. 2014
"02-20148","02-2014","Extorsión",410014,feb. 2014
"03-20148","03-2014","Extorsión",455798,mar. 2014
"04-20148","04-2014","Extorsión",315069,abr. 2014
"05-20148","05-2014","Extorsión",478728,may. 2014
"06-20148","06-2014","Extorsión",607900,jun. 2014
"07-20148","07-2014","Extorsión",362024,jul. 2014
"08-20148","08-2014","Extorsión",462412,ago. 2014
"09-20148","09-2014","Extorsión",450861,sep. 2014
"10-20148","10-2014","Extorsión",437739,oct. 2014
"11-20148","11-2014","Extorsión",572767,nov. 2014
"12-20148","12-2014","Extorsión",565825,dic. 2014
"01-20149","01-2014","Amenazas verbales",160683,ene. 2014
"02-20149","02-2014","Amenazas verbales",173100,feb. 2014
"03-20149","03-2014","Amenazas verbales",195858,mar. 2014
"04-20149","04-2014","Amenazas verbales",142195,abr. 2014
"05-20149","05-2014","Amenazas verbales",165528,may. 2014
"06-20149","06-2014","Amenazas verbales",211185,jun. 2014
"07-20149","07-2014","Amenazas verbales",146828,jul. 2014
"08-20149","08-2014","Amenazas verbales",191426,ago. 2014
"09-20149","09-2014","Amenazas verbales",157245,sep. 2014
"10-20149","10-2014","Amenazas verbales",198531,oct. 2014
"11-20149","11-2014","Amenazas verbales",262848,nov. 2014
"12-20149","12-2014","Amenazas verbales",289219,dic. 2014
"01-201410","01-2014","Lesiones físicas",55040,ene. 2014
"02-201410","02-2014","Lesiones físicas",49381,feb. 2014
"03-201410","03-2014","Lesiones físicas",74267,mar. 2014
"04-201410","04-2014","Lesiones físicas",43809,abr. 2014
"05-201410","05-2014","Lesiones físicas",51152,may. 2014
"06-201410","06-2014","Lesiones físicas",59362,jun. 2014
"07-201410","07-2014","Lesiones físicas",47207,jul. 2014
"08-201410","08-2014","Lesiones físicas",51867,ago. 2014
"09-201410","09-2014","Lesiones físicas",75567,sep. 2014
"10-201410","10-2014","Lesiones físicas",55490,oct. 2014
"11-201410","11-2014","Lesiones físicas",75044,nov. 2014
"12-201410","12-2014","Lesiones físicas",88488,dic. 2014
"01-201411","01-2014","Secuestro",7738,ene. 2014
"02-201411","02-2014","Secuestro",4843,feb. 2014
"03-201411","03-2014","Secuestro",4429,mar. 2014
"04-201411","04-2014","Secuestro",5271,abr. 2014
"05-201411","05-2014","Secuestro",1143,may. 2014
"06-201411","06-2014","Secuestro",13633,jun. 2014
"07-201411","07-2014","Secuestro",6326,jul. 2014
"08-201411","08-2014","Secuestro",9316,ago. 2014
"09-201411","09-2014","Secuestro",3032,sep. 2014
"10-201411","10-2014","Secuestro",724,oct. 2014
"11-201411","11-2014","Secuestro",5880,nov. 2014
"12-201411","12-2014","Secuestro",4179,dic. 2014
"01-201412","01-2014","Hostigamiento",30561,ene. 2014
"02-201412","02-2014","Hostigamiento",25405,feb. 2014
"03-201412","03-2014","Hostigamiento",42892,mar. 2014
"04-201412","04-2014","Hostigamiento",22333,abr. 2014
"05-201412","05-2014","Hostigamiento",42290,may. 2014
"06-201412","06-2014","Hostigamiento",46419,jun. 2014
"07-201412","07-2014","Hostigamiento",37885,jul. 2014
"08-201412","08-2014","Hostigamiento",43078,ago. 2014
"09-201412","09-2014","Hostigamiento",37732,sep. 2014
"10-201412","10-2014","Hostigamiento",51229,oct. 2014
"11-201412","11-2014","Hostigamiento",50857,nov. 2014
"12-201412","12-2014","Hostigamiento",52549,dic. 2014
"01-201413","01-2014","Violación",8993,ene. 2014
"02-201413","02-2014","Violación",4086,feb. 2014
"03-201413","03-2014","Violación",1095,mar. 2014
"04-201413","04-2014","Violación",11780,abr. 2014
"05-201413","05-2014","Violación",4359,may. 2014
"06-201413","06-2014","Violación",468,jun. 2014
"07-201413","07-2014","Violación",3807,jul. 2014
"08-201413","08-2014","Violación",4708,ago. 2014
"09-201413","09-2014","Violación",5304,sep. 2014
"10-201413","10-2014","Violación",1492,oct. 2014
"11-201413","11-2014","Violación",6922,nov. 2014
"12-201413","12-2014","Violación",10373,dic. 2014
"01-201414","01-2014","Otros",3677,ene. 2014
"02-201414","02-2014","Otros",8852,feb. 2014
"03-201414","03-2014","Otros",4867,mar. 2014
"04-201414","04-2014","Otros",5387,abr. 2014
"05-201414","05-2014","Otros",3028,may. 2014
"06-201414","06-2014","Otros",4248,jun. 2014
"07-201414","07-2014","Otros",4413,jul. 2014
"08-201414","08-2014","Otros",10440,ago. 2014
"09-201414","09-2014","Otros",10434,sep. 2014
"10-201414","10-2014","Otros",5288,oct. 2014
"11-201414","11-2014","Otros",6199,nov. 2014
"12-201414","12-2014","Otros",9316,dic. 2014
"01-2015","01-2015","Robo total de vehículo",43826,ene. 2015
"02-2015","02-2015","Robo total de vehículo",62373,feb. 2015
"03-2015","03-2015","Robo total de vehículo",51668,mar. 2015
"04-2015","04-2015","Robo total de vehículo",39715,abr. 2015
"05-2015","05-2015","Robo total de vehículo",54457,may. 2015
"06-2015","06-2015","Robo total de vehículo",54653,jun. 2015
"07-2015","07-2015","Robo total de vehículo",31459,jul. 2015
"08-2015","08-2015","Robo total de vehículo",37771,ago. 2015
"09-2015","09-2015","Robo total de vehículo",33419,sep. 2015
"10-2015","10-2015","Robo total de vehículo",36367,oct. 2015
"11-2015","11-2015","Robo total de vehículo",51947,nov. 2015
"12-2015","12-2015","Robo total de vehículo",33098,dic. 2015
"01-20151","01-2015","Robo parcial de vehículo",202986,ene. 2015
"02-20151","02-2015","Robo parcial de vehículo",316438,feb. 2015
"03-20151","03-2015","Robo parcial de vehículo",307119,mar. 2015
"04-20151","04-2015","Robo parcial de vehículo",203532,abr. 2015
"05-20151","05-2015","Robo parcial de vehículo",269862,may. 2015
"06-20151","06-2015","Robo parcial de vehículo",358574,jun. 2015
"07-20151","07-2015","Robo parcial de vehículo",221841,jul. 2015
"08-20151","08-2015","Robo parcial de vehículo",258615,ago. 2015
"09-20151","09-2015","Robo parcial de vehículo",228712,sep. 2015
"10-20151","10-2015","Robo parcial de vehículo",256428,oct. 2015
"11-20151","11-2015","Robo parcial de vehículo",327402,nov. 2015
"12-20151","12-2015","Robo parcial de vehículo",355765,dic. 2015
"01-20152","01-2015","Vandalismo",259762,ene. 2015
"02-20152","02-2015","Vandalismo",358587,feb. 2015
"03-20152","03-2015","Vandalismo",365124,mar. 2015
"04-20152","04-2015","Vandalismo",202066,abr. 2015
"05-20152","05-2015","Vandalismo",269912,may. 2015
"06-20152","06-2015","Vandalismo",392907,jun. 2015
"07-20152","07-2015","Vandalismo",271218,jul. 2015
"08-20152","08-2015","Vandalismo",298471,ago. 2015
"09-20152","09-2015","Vandalismo",250949,sep. 2015
"10-20152","10-2015","Vandalismo",251928,oct. 2015
"11-20152","11-2015","Vandalismo",369204,nov. 2015
"12-20152","12-2015","Vandalismo",412105,dic. 2015
"01-20153","01-2015","Robo en casa",135167,ene. 2015
"02-20153","02-2015","Robo en casa",157097,feb. 2015
"03-20153","03-2015","Robo en casa",187111,mar. 2015
"04-20153","04-2015","Robo en casa",121767,abr. 2015
"05-20153","05-2015","Robo en casa",156763,may. 2015
"06-20153","06-2015","Robo en casa",175914,jun. 2015
"07-20153","07-2015","Robo en casa",144029,jul. 2015
"08-20153","08-2015","Robo en casa",161432,ago. 2015
"09-20153","09-2015","Robo en casa",141827,sep. 2015
"10-20153","10-2015","Robo en casa",141722,oct. 2015
"11-20153","11-2015","Robo en casa",224182,nov. 2015
"12-20153","12-2015","Robo en casa",252396,dic. 2015
"01-20154","01-2015","Robo en la calle",580317,ene. 2015
"02-20154","02-2015","Robo en la calle",713662,feb. 2015
"03-20154","03-2015","Robo en la calle",891484,mar. 2015
"04-20154","04-2015","Robo en la calle",591818,abr. 2015
"05-20154","05-2015","Robo en la calle",825872,may. 2015
"06-20154","06-2015","Robo en la calle",746131,jun. 2015
"07-20154","07-2015","Robo en la calle",620905,jul. 2015
"08-20154","08-2015","Robo en la calle",800362,ago. 2015
"09-20154","09-2015","Robo en la calle",751502,sep. 2015
"10-20154","10-2015","Robo en la calle",592541,oct. 2015
"11-20154","11-2015","Robo en la calle",895869,nov. 2015
"12-20154","12-2015","Robo en la calle",1502278,dic. 2015
"01-20155","01-2015","Otro tipo de robo",99437,ene. 2015
"02-20155","02-2015","Otro tipo de robo",81305,feb. 2015
"03-20155","03-2015","Otro tipo de robo",92210,mar. 2015
"04-20155","04-2015","Otro tipo de robo",74302,abr. 2015
"05-20155","05-2015","Otro tipo de robo",95258,may. 2015
"06-20155","06-2015","Otro tipo de robo",95584,jun. 2015
"07-20155","07-2015","Otro tipo de robo",68154,jul. 2015
"08-20155","08-2015","Otro tipo de robo",89655,ago. 2015
"09-20155","09-2015","Otro tipo de robo",81761,sep. 2015
"10-20155","10-2015","Otro tipo de robo",98908,oct. 2015
"11-20155","11-2015","Otro tipo de robo",136191,nov. 2015
"12-20155","12-2015","Otro tipo de robo",124062,dic. 2015
"01-20156","01-2015","Fraude bancario",115873,ene. 2015
"02-20156","02-2015","Fraude bancario",133024,feb. 2015
"03-20156","03-2015","Fraude bancario",159614,mar. 2015
"04-20156","04-2015","Fraude bancario",127985,abr. 2015
"05-20156","05-2015","Fraude bancario",155630,may. 2015
"06-20156","06-2015","Fraude bancario",150422,jun. 2015
"07-20156","07-2015","Fraude bancario",114772,jul. 2015
"08-20156","08-2015","Fraude bancario",112134,ago. 2015
"09-20156","09-2015","Fraude bancario",127734,sep. 2015
"10-20156","10-2015","Fraude bancario",126023,oct. 2015
"11-20156","11-2015","Fraude bancario",181125,nov. 2015
"12-20156","12-2015","Fraude bancario",208400,dic. 2015
"01-20157","01-2015","Fraude al consumidor",116059,ene. 2015
"02-20157","02-2015","Fraude al consumidor",158432,feb. 2015
"03-20157","03-2015","Fraude al consumidor",137638,mar. 2015
"04-20157","04-2015","Fraude al consumidor",110486,abr. 2015
"05-20157","05-2015","Fraude al consumidor",142832,may. 2015
"06-20157","06-2015","Fraude al consumidor",118962,jun. 2015
"07-20157","07-2015","Fraude al consumidor",128751,jul. 2015
"08-20157","08-2015","Fraude al consumidor",149722,ago. 2015
"09-20157","09-2015","Fraude al consumidor",97883,sep. 2015
"10-20157","10-2015","Fraude al consumidor",138741,oct. 2015
"11-20157","11-2015","Fraude al consumidor",185723,nov. 2015
"12-20157","12-2015","Fraude al consumidor",191568,dic. 2015
"01-20158","01-2015","Extorsión",396899,ene. 2015
"02-20158","02-2015","Extorsión",707660,feb. 2015
"03-20158","03-2015","Extorsión",665152,mar. 2015
"04-20158","04-2015","Extorsión",520776,abr. 2015
"05-20158","05-2015","Extorsión",690027,may. 2015
"06-20158","06-2015","Extorsión",769333,jun. 2015
"07-20158","07-2015","Extorsión",529701,jul. 2015
"08-20158","08-2015","Extorsión",672979,ago. 2015
"09-20158","09-2015","Extorsión",553211,sep. 2015
"10-20158","10-2015","Extorsión",505706,oct. 2015
"11-20158","11-2015","Extorsión",820118,nov. 2015
"12-20158","12-2015","Extorsión",829567,dic. 2015
"01-20159","01-2015","Amenazas verbales",211779,ene. 2015
"02-20159","02-2015","Amenazas verbales",224811,feb. 2015
"03-20159","03-2015","Amenazas verbales",272536,mar. 2015
"04-20159","04-2015","Amenazas verbales",157075,abr. 2015
"05-20159","05-2015","Amenazas verbales",240857,may. 2015
"06-20159","06-2015","Amenazas verbales",253450,jun. 2015
"07-20159","07-2015","Amenazas verbales",215781,jul. 2015
"08-20159","08-2015","Amenazas verbales",273463,ago. 2015
"09-20159","09-2015","Amenazas verbales",267906,sep. 2015
"10-20159","10-2015","Amenazas verbales",293033,oct. 2015
"11-20159","11-2015","Amenazas verbales",405670,nov. 2015
"12-20159","12-2015","Amenazas verbales",462942,dic. 2015
"01-201510","01-2015","Lesiones físicas",79516,ene. 2015
"02-201510","02-2015","Lesiones físicas",105554,feb. 2015
"03-201510","03-2015","Lesiones físicas",102690,mar. 2015
"04-201510","04-2015","Lesiones físicas",54165,abr. 2015
"05-201510","05-2015","Lesiones físicas",84410,may. 2015
"06-201510","06-2015","Lesiones físicas",85633,jun. 2015
"07-201510","07-2015","Lesiones físicas",72935,jul. 2015
"08-201510","08-2015","Lesiones físicas",86617,ago. 2015
"09-201510","09-2015","Lesiones físicas",76029,sep. 2015
"10-201510","10-2015","Lesiones físicas",98392,oct. 2015
"11-201510","11-2015","Lesiones físicas",145079,nov. 2015
"12-201510","12-2015","Lesiones físicas",159139,dic. 2015
"01-201511","01-2015","Secuestro",6555,ene. 2015
"02-201511","02-2015","Secuestro",5633,feb. 2015
"03-201511","03-2015","Secuestro",4193,mar. 2015
"04-201511","04-2015","Secuestro",4632,abr. 2015
"05-201511","05-2015","Secuestro",3111,may. 2015
"06-201511","06-2015","Secuestro",8821,jun. 2015
"07-201511","07-2015","Secuestro",7019,jul. 2015
"08-201511","08-2015","Secuestro",2320,ago. 2015
"09-201511","09-2015","Secuestro",6462,sep. 2015
"10-201511","10-2015","Secuestro",6311,oct. 2015
"11-201511","11-2015","Secuestro",5175,nov. 2015
"12-201511","12-2015","Secuestro",14331,dic. 2015
"01-201512","01-2015","Hostigamiento",34591,ene. 2015
"02-201512","02-2015","Hostigamiento",42113,feb. 2015
"03-201512","03-2015","Hostigamiento",43692,mar. 2015
"04-201512","04-2015","Hostigamiento",38755,abr. 2015
"05-201512","05-2015","Hostigamiento",56387,may. 2015
"06-201512","06-2015","Hostigamiento",51596,jun. 2015
"07-201512","07-2015","Hostigamiento",24503,jul. 2015
"08-201512","08-2015","Hostigamiento",68316,ago. 2015
"09-201512","09-2015","Hostigamiento",57142,sep. 2015
"10-201512","10-2015","Hostigamiento",57964,oct. 2015
"11-201512","11-2015","Hostigamiento",92889,nov. 2015
"12-201512","12-2015","Hostigamiento",164303,dic. 2015
"01-201513","01-2015","Violación",7211,ene. 2015
"02-201513","02-2015","Violación",5258,feb. 2015
"03-201513","03-2015","Violación",5202,mar. 2015
"04-201513","04-2015","Violación",10576,abr. 2015
"05-201513","05-2015","Violación",12268,may. 2015
"06-201513","06-2015","Violación",3264,jun. 2015
"07-201513","07-2015","Violación",394,jul. 2015
"08-201513","08-2015","Violación",666,ago. 2015
"09-201513","09-2015","Violación",4264,sep. 2015
"10-201513","10-2015","Violación",6289,oct. 2015
"11-201513","11-2015","Violación",8742,nov. 2015
"12-201513","12-2015","Violación",25589,dic. 2015
"01-201514","01-2015","Otros",2122,ene. 2015
"02-201514","02-2015","Otros",9284,feb. 2015
"03-201514","03-2015","Otros",7609,mar. 2015
"04-201514","04-2015","Otros",12306,abr. 2015
"05-201514","05-2015","Otros",2621,may. 2015
"06-201514","06-2015","Otros",5631,jun. 2015
"07-201514","07-2015","Otros",2328,jul. 2015
"08-201514","08-2015","Otros",1479,ago. 2015
"09-201514","09-2015","Otros",3439,sep. 2015
"10-201514","10-2015","Otros",5560,oct. 2015
"11-201514","11-2015","Otros",5110,nov. 2015
"12-201514","12-2015","Otros",5711,dic. 2015
"01-2016","01-2016","Robo total de vehículo",32571,ene. 2016
"02-2016","02-2016","Robo total de vehículo",39242,feb. 2016
"03-2016","03-2016","Robo total de vehículo",41969,mar. 2016
"04-2016","04-2016","Robo total de vehículo",22397,abr. 2016
"05-2016","05-2016","Robo total de vehículo",37385,may. 2016
"06-2016","06-2016","Robo total de vehículo",42227,jun. 2016
"07-2016","07-2016","Robo total de vehículo",26236,jul. 2016
"08-2016","08-2016","Robo total de vehículo",31244,ago. 2016
"09-2016","09-2016","Robo total de vehículo",32613,sep. 2016
"10-2016","10-2016","Robo total de vehículo",31751,oct. 2016
"11-2016","11-2016","Robo total de vehículo",33031,nov. 2016
"12-2016","12-2016","Robo total de vehículo",27025,dic. 2016
"01-20161","01-2016","Robo parcial de vehículo",153918,ene. 2016
"02-20161","02-2016","Robo parcial de vehículo",237307,feb. 2016
"03-20161","03-2016","Robo parcial de vehículo",220783,mar. 2016
"04-20161","04-2016","Robo parcial de vehículo",164775,abr. 2016
"05-20161","05-2016","Robo parcial de vehículo",190419,may. 2016
"06-20161","06-2016","Robo parcial de vehículo",258819,jun. 2016
"07-20161","07-2016","Robo parcial de vehículo",158178,jul. 2016
"08-20161","08-2016","Robo parcial de vehículo",177678,ago. 2016
"09-20161","09-2016","Robo parcial de vehículo",194776,sep. 2016
"10-20161","10-2016","Robo parcial de vehículo",214308,oct. 2016
"11-20161","11-2016","Robo parcial de vehículo",265783,nov. 2016
"12-20161","12-2016","Robo parcial de vehículo",227980,dic. 2016
"01-20162","01-2016","Vandalismo",178305,ene. 2016
"02-20162","02-2016","Vandalismo",247974,feb. 2016
"03-20162","03-2016","Vandalismo",199702,mar. 2016
"04-20162","04-2016","Vandalismo",130760,abr. 2016
"05-20162","05-2016","Vandalismo",190956,may. 2016
"06-20162","06-2016","Vandalismo",254626,jun. 2016
"07-20162","07-2016","Vandalismo",151401,jul. 2016
"08-20162","08-2016","Vandalismo",160891,ago. 2016
"09-20162","09-2016","Vandalismo",192071,sep. 2016
"10-20162","10-2016","Vandalismo",158526,oct. 2016
"11-20162","11-2016","Vandalismo",220112,nov. 2016
"12-20162","12-2016","Vandalismo",263545,dic. 2016
"01-20163","01-2016","Robo en casa",124331,ene. 2016
"02-20163","02-2016","Robo en casa",122836,feb. 2016
"03-20163","03-2016","Robo en casa",123142,mar. 2016
"04-20163","04-2016","Robo en casa",136995,abr. 2016
"05-20163","05-2016","Robo en casa",141789,may. 2016
"06-20163","06-2016","Robo en casa",163826,jun. 2016
"07-20163","07-2016","Robo en casa",110777,jul. 2016
"08-20163","08-2016","Robo en casa",123836,ago. 2016
"09-20163","09-2016","Robo en casa",133246,sep. 2016
"10-20163","10-2016","Robo en casa",130542,oct. 2016
"11-20163","11-2016","Robo en casa",202499,nov. 2016
"12-20163","12-2016","Robo en casa",242413,dic. 2016
"01-20164","01-2016","Robo en la calle",331467,ene. 2016
"02-20164","02-2016","Robo en la calle",432921,feb. 2016
"03-20164","03-2016","Robo en la calle",421978,mar. 2016
"04-20164","04-2016","Robo en la calle",336479,abr. 2016
"05-20164","05-2016","Robo en la calle",460358,may. 2016
"06-20164","06-2016","Robo en la calle",501079,jun. 2016
"07-20164","07-2016","Robo en la calle",378267,jul. 2016
"08-20164","08-2016","Robo en la calle",444012,ago. 2016
"09-20164","09-2016","Robo en la calle",498261,sep. 2016
"10-20164","10-2016","Robo en la calle",483991,oct. 2016
"11-20164","11-2016","Robo en la calle",706085,nov. 2016
"12-20164","12-2016","Robo en la calle",851978,dic. 2016
"01-20165","01-2016","Otro tipo de robo",42562,ene. 2016
"02-20165","02-2016","Otro tipo de robo",63677,feb. 2016
"03-20165","03-2016","Otro tipo de robo",79985,mar. 2016
"04-20165","04-2016","Otro tipo de robo",56200,abr. 2016
"05-20165","05-2016","Otro tipo de robo",58294,may. 2016
"06-20165","06-2016","Otro tipo de robo",96596,jun. 2016
"07-20165","07-2016","Otro tipo de robo",58715,jul. 2016
"08-20165","08-2016","Otro tipo de robo",62841,ago. 2016
"09-20165","09-2016","Otro tipo de robo",68964,sep. 2016
"10-20165","10-2016","Otro tipo de robo",78082,oct. 2016
"11-20165","11-2016","Otro tipo de robo",121119,nov. 2016
"12-20165","12-2016","Otro tipo de robo",117241,dic. 2016
"01-20166","01-2016","Fraude bancario",101256,ene. 2016
"02-20166","02-2016","Fraude bancario",107433,feb. 2016
"03-20166","03-2016","Fraude bancario",122653,mar. 2016
"04-20166","04-2016","Fraude bancario",89815,abr. 2016
"05-20166","05-2016","Fraude bancario",103791,may. 2016
"06-20166","06-2016","Fraude bancario",139227,jun. 2016
"07-20166","07-2016","Fraude bancario",103362,jul. 2016
"08-20166","08-2016","Fraude bancario",105712,ago. 2016
"09-20166","09-2016","Fraude bancario",102755,sep. 2016
"10-20166","10-2016","Fraude bancario",88212,oct. 2016
"11-20166","11-2016","Fraude bancario",146883,nov. 2016
"12-20166","12-2016","Fraude bancario",174683,dic. 2016
"01-20167","01-2016","Fraude al consumidor",99018,ene. 2016
"02-20167","02-2016","Fraude al consumidor",123613,feb. 2016
"03-20167","03-2016","Fraude al consumidor",97899,mar. 2016
"04-20167","04-2016","Fraude al consumidor",87934,abr. 2016
"05-20167","05-2016","Fraude al consumidor",104729,may. 2016
"06-20167","06-2016","Fraude al consumidor",123359,jun. 2016
"07-20167","07-2016","Fraude al consumidor",69924,jul. 2016
"08-20167","08-2016","Fraude al consumidor",93389,ago. 2016
"09-20167","09-2016","Fraude al consumidor",74432,sep. 2016
"10-20167","10-2016","Fraude al consumidor",92475,oct. 2016
"11-20167","11-2016","Fraude al consumidor",115204,nov. 2016
"12-20167","12-2016","Fraude al consumidor",149794,dic. 2016
"01-20168","01-2016","Extorsión",332162,ene. 2016
"02-20168","02-2016","Extorsión",440238,feb. 2016
"03-20168","03-2016","Extorsión",447055,mar. 2016
"04-20168","04-2016","Extorsión",333140,abr. 2016
"05-20168","05-2016","Extorsión",531049,may. 2016
"06-20168","06-2016","Extorsión",565880,jun. 2016
"07-20168","07-2016","Extorsión",406610,jul. 2016
"08-20168","08-2016","Extorsión",393053,ago. 2016
"09-20168","09-2016","Extorsión",434112,sep. 2016
"10-20168","10-2016","Extorsión",424874,oct. 2016
"11-20168","11-2016","Extorsión",645895,nov. 2016
"12-20168","12-2016","Extorsión",667331,dic. 2016
"01-20169","01-2016","Amenazas verbales",109039,ene. 2016
"02-20169","02-2016","Amenazas verbales",152902,feb. 2016
"03-20169","03-2016","Amenazas verbales",146414,mar. 2016
"04-20169","04-2016","Amenazas verbales",121861,abr. 2016
"05-20169","05-2016","Amenazas verbales",135646,may. 2016
"06-20169","06-2016","Amenazas verbales",193120,jun. 2016
"07-20169","07-2016","Amenazas verbales",122426,jul. 2016
"08-20169","08-2016","Amenazas verbales",129833,ago. 2016
"09-20169","09-2016","Amenazas verbales",155822,sep. 2016
"10-20169","10-2016","Amenazas verbales",139913,oct. 2016
"11-20169","11-2016","Amenazas verbales",236273,nov. 2016
"12-20169","12-2016","Amenazas verbales",291056,dic. 2016
"01-201610","01-2016","Lesiones físicas",50456,ene. 2016
"02-201610","02-2016","Lesiones físicas",61664,feb. 2016
"03-201610","03-2016","Lesiones físicas",66997,mar. 2016
"04-201610","04-2016","Lesiones físicas",65313,abr. 2016
"05-201610","05-2016","Lesiones físicas",72408,may. 2016
"06-201610","06-2016","Lesiones físicas",87298,jun. 2016
"07-201610","07-2016","Lesiones físicas",64709,jul. 2016
"08-201610","08-2016","Lesiones físicas",82557,ago. 2016
"09-201610","09-2016","Lesiones físicas",73399,sep. 2016
"10-201610","10-2016","Lesiones físicas",65371,oct. 2016
"11-201610","11-2016","Lesiones físicas",80200,nov. 2016
"12-201610","12-2016","Lesiones físicas",125530,dic. 2016
"01-201611","01-2016","Secuestro",5600,ene. 2016
"02-201611","02-2016","Secuestro",1931,feb. 2016
"03-201611","03-2016","Secuestro",4906,mar. 2016
"04-201611","04-2016","Secuestro",815,abr. 2016
"05-201611","05-2016","Secuestro",19134,may. 2016
"06-201611","06-2016","Secuestro",2385,jun. 2016
"07-201611","07-2016","Secuestro",1775,jul. 2016
"08-201611","08-2016","Secuestro",1096,ago. 2016
"09-201611","09-2016","Secuestro",7427,sep. 2016
"10-201611","10-2016","Secuestro",2915,oct. 2016
"11-201611","11-2016","Secuestro",2326,nov. 2016
"12-201611","12-2016","Secuestro",5832,dic. 2016
"01-201612","01-2016","Hostigamiento",19266,ene. 2016
"02-201612","02-2016","Hostigamiento",36139,feb. 2016
"03-201612","03-2016","Hostigamiento",25913,mar. 2016
"04-201612","04-2016","Hostigamiento",33801,abr. 2016
"05-201612","05-2016","Hostigamiento",35015,may. 2016
"06-201612","06-2016","Hostigamiento",26766,jun. 2016
"07-201612","07-2016","Hostigamiento",23633,jul. 2016
"08-201612","08-2016","Hostigamiento",35405,ago. 2016
"09-201612","09-2016","Hostigamiento",42041,sep. 2016
"10-201612","10-2016","Hostigamiento",57492,oct. 2016
"11-201612","11-2016","Hostigamiento",55831,nov. 2016
"12-201612","12-2016","Hostigamiento",94962,dic. 2016
"01-201613","01-2016","Violación",2017,ene. 2016
"02-201613","02-2016","Violación",1399,feb. 2016
"03-201613","03-2016","Violación",1742,mar. 2016
"04-201613","04-2016","Violación",3367,abr. 2016
"05-201613","05-2016","Violación",6044,may. 2016
"06-201613","06-2016","Violación",4944,jun. 2016
"07-201613","07-2016","Violación",1995,jul. 2016
"08-201613","08-2016","Violación",4430,ago. 2016
"09-201613","09-2016","Violación",4903,sep. 2016
"10-201613","10-2016","Violación",16641,oct. 2016
"11-201613","11-2016","Violación",2267,nov. 2016
"12-201613","12-2016","Violación",12618,dic. 2016
"01-201614","01-2016","Otros",4585,ene. 2016
"02-201614","02-2016","Otros",7216,feb. 2016
"03-201614","03-2016","Otros",2901,mar. 2016
"04-201614","04-2016","Otros",3450,abr. 2016
"05-201614","05-2016","Otros",2217,may. 2016
"06-201614","06-2016","Otros",2911,jun. 2016
"07-201614","07-2016","Otros",3631,jul. 2016
"08-201614","08-2016","Otros",4203,ago. 2016
"09-201614","09-2016","Otros",11182,sep. 2016
"10-201614","10-2016","Otros",14918,oct. 2016
"11-201614","11-2016","Otros",12359,nov. 2016
"12-201614","12-2016","Otros",5212,dic. 2016
"01-2017","01-2017","Robo total de vehículo",34105,ene. 2017
"02-2017","02-2017","Robo total de vehículo",42837,feb. 2017
"03-2017","03-2017","Robo total de vehículo",58827,mar. 2017
"04-2017","04-2017","Robo total de vehículo",29813,abr. 2017
"05-2017","05-2017","Robo total de vehículo",34061,may. 2017
"06-2017","06-2017","Robo total de vehículo",42094,jun. 2017
"07-2017","07-2017","Robo total de vehículo",32012,jul. 2017
"08-2017","08-2017","Robo total de vehículo",30283,ago. 2017
"09-2017","09-2017","Robo total de vehículo",42157,sep. 2017
"10-2017","10-2017","Robo total de vehículo",42229,oct. 2017
"11-2017","11-2017","Robo total de vehículo",52268,nov. 2017
"12-2017","12-2017","Robo total de vehículo",41180,dic. 2017
"01-20171","01-2017","Robo parcial de vehículo",169352,ene. 2017
"02-20171","02-2017","Robo parcial de vehículo",248967,feb. 2017
"03-20171","03-2017","Robo parcial de vehículo",239057,mar. 2017
"04-20171","04-2017","Robo parcial de vehículo",161203,abr. 2017
"05-20171","05-2017","Robo parcial de vehículo",250088,may. 2017
"06-20171","06-2017","Robo parcial de vehículo",300303,jun. 2017
"07-20171","07-2017","Robo parcial de vehículo",210117,jul. 2017
"08-20171","08-2017","Robo parcial de vehículo",220836,ago. 2017
"09-20171","09-2017","Robo parcial de vehículo",241378,sep. 2017
"10-20171","10-2017","Robo parcial de vehículo",244235,oct. 2017
"11-20171","11-2017","Robo parcial de vehículo",340317,nov. 2017
"12-20171","12-2017","Robo parcial de vehículo",286327,dic. 2017
"01-20172","01-2017","Vandalismo",186698,ene. 2017
"02-20172","02-2017","Vandalismo",231623,feb. 2017
"03-20172","03-2017","Vandalismo",230498,mar. 2017
"04-20172","04-2017","Vandalismo",131613,abr. 2017
"05-20172","05-2017","Vandalismo",206015,may. 2017
"06-20172","06-2017","Vandalismo",268915,jun. 2017
"07-20172","07-2017","Vandalismo",190944,jul. 2017
"08-20172","08-2017","Vandalismo",194678,ago. 2017
"09-20172","09-2017","Vandalismo",196056,sep. 2017
"10-20172","10-2017","Vandalismo",194174,oct. 2017
"11-20172","11-2017","Vandalismo",254338,nov. 2017
"12-20172","12-2017","Vandalismo",290709,dic. 2017
"01-20173","01-2017","Robo en casa",111282,ene. 2017
"02-20173","02-2017","Robo en casa",150397,feb. 2017
"03-20173","03-2017","Robo en casa",156839,mar. 2017
"04-20173","04-2017","Robo en casa",123347,abr. 2017
"05-20173","05-2017","Robo en casa",148050,may. 2017
"06-20173","06-2017","Robo en casa",187991,jun. 2017
"07-20173","07-2017","Robo en casa",153862,jul. 2017
"08-20173","08-2017","Robo en casa",143565,ago. 2017
"09-20173","09-2017","Robo en casa",146769,sep. 2017
"10-20173","10-2017","Robo en casa",171565,oct. 2017
"11-20173","11-2017","Robo en casa",226506,nov. 2017
"12-20173","12-2017","Robo en casa",255475,dic. 2017
"01-20174","01-2017","Robo en la calle",505832,ene. 2017
"02-20174","02-2017","Robo en la calle",589732,feb. 2017
"03-20174","03-2017","Robo en la calle",615043,mar. 2017
"04-20174","04-2017","Robo en la calle",489525,abr. 2017
"05-20174","05-2017","Robo en la calle",660194,may. 2017
"06-20174","06-2017","Robo en la calle",589647,jun. 2017
"07-20174","07-2017","Robo en la calle",431027,jul. 2017
"08-20174","08-2017","Robo en la calle",462034,ago. 2017
"09-20174","09-2017","Robo en la calle",594232,sep. 2017
"10-20174","10-2017","Robo en la calle",638891,oct. 2017
"11-20174","11-2017","Robo en la calle",1023370,nov. 2017
"12-20174","12-2017","Robo en la calle",1290716,dic. 2017
"01-20175","01-2017","Otro tipo de robo",81749,ene. 2017
"02-20175","02-2017","Otro tipo de robo",113008,feb. 2017
"03-20175","03-2017","Otro tipo de robo",111178,mar. 2017
"04-20175","04-2017","Otro tipo de robo",80410,abr. 2017
"05-20175","05-2017","Otro tipo de robo",101449,may. 2017
"06-20175","06-2017","Otro tipo de robo",147459,jun. 2017
"07-20175","07-2017","Otro tipo de robo",86730,jul. 2017
"08-20175","08-2017","Otro tipo de robo",112146,ago. 2017
"09-20175","09-2017","Otro tipo de robo",140035,sep. 2017
"10-20175","10-2017","Otro tipo de robo",128676,oct. 2017
"11-20175","11-2017","Otro tipo de robo",221404,nov. 2017
"12-20175","12-2017","Otro tipo de robo",194649,dic. 2017
"01-20176","01-2017","Fraude bancario",133275,ene. 2017
"02-20176","02-2017","Fraude bancario",159609,feb. 2017
"03-20176","03-2017","Fraude bancario",201991,mar. 2017
"04-20176","04-2017","Fraude bancario",121946,abr. 2017
"05-20176","05-2017","Fraude bancario",190400,may. 2017
"06-20176","06-2017","Fraude bancario",237169,jun. 2017
"07-20176","07-2017","Fraude bancario",133503,jul. 2017
"08-20176","08-2017","Fraude bancario",213798,ago. 2017
"09-20176","09-2017","Fraude bancario",167388,sep. 2017
"10-20176","10-2017","Fraude bancario",166635,oct. 2017
"11-20176","11-2017","Fraude bancario",221223,nov. 2017
"12-20176","12-2017","Fraude bancario",294895,dic. 2017
"01-20177","01-2017","Fraude al consumidor",106478,ene. 2017
"02-20177","02-2017","Fraude al consumidor",140212,feb. 2017
"03-20177","03-2017","Fraude al consumidor",122197,mar. 2017
"04-20177","04-2017","Fraude al consumidor",112488,abr. 2017
"05-20177","05-2017","Fraude al consumidor",128662,may. 2017
"06-20177","06-2017","Fraude al consumidor",133773,jun. 2017
"07-20177","07-2017","Fraude al consumidor",119153,jul. 2017
"08-20177","08-2017","Fraude al consumidor",137455,ago. 2017
"09-20177","09-2017","Fraude al consumidor",106684,sep. 2017
"10-20177","10-2017","Fraude al consumidor",117723,oct. 2017
"11-20177","11-2017","Fraude al consumidor",178028,nov. 2017
"12-20177","12-2017","Fraude al consumidor",174340,dic. 2017
"01-20178","01-2017","Extorsión",398771,ene. 2017
"02-20178","02-2017","Extorsión",498818,feb. 2017
"03-20178","03-2017","Extorsión",544362,mar. 2017
"04-20178","04-2017","Extorsión",410806,abr. 2017
"05-20178","05-2017","Extorsión",616443,may. 2017
"06-20178","06-2017","Extorsión",794983,jun. 2017
"07-20178","07-2017","Extorsión",559790,jul. 2017
"08-20178","08-2017","Extorsión",515994,ago. 2017
"09-20178","09-2017","Extorsión",600613,sep. 2017
"10-20178","10-2017","Extorsión",603037,oct. 2017
"11-20178","11-2017","Extorsión",751800,nov. 2017
"12-20178","12-2017","Extorsión",828551,dic. 2017
"01-20179","01-2017","Amenazas verbales",159321,ene. 2017
"02-20179","02-2017","Amenazas verbales",145531,feb. 2017
"03-20179","03-2017","Amenazas verbales",169888,mar. 2017
"04-20179","04-2017","Amenazas verbales",130414,abr. 2017
"05-20179","05-2017","Amenazas verbales",145113,may. 2017
"06-20179","06-2017","Amenazas verbales",197482,jun. 2017
"07-20179","07-2017","Amenazas verbales",177915,jul. 2017
"08-20179","08-2017","Amenazas verbales",174033,ago. 2017
"09-20179","09-2017","Amenazas verbales",161999,sep. 2017
"10-20179","10-2017","Amenazas verbales",180106,oct. 2017
"11-20179","11-2017","Amenazas verbales",314760,nov. 2017
"12-20179","12-2017","Amenazas verbales",388255,dic. 2017
"01-201710","01-2017","Lesiones físicas",60732,ene. 2017
"02-201710","02-2017","Lesiones físicas",50647,feb. 2017
"03-201710","03-2017","Lesiones físicas",55156,mar. 2017
"04-201710","04-2017","Lesiones físicas",63849,abr. 2017
"05-201710","05-2017","Lesiones físicas",59044,may. 2017
"06-201710","06-2017","Lesiones físicas",86561,jun. 2017
"07-201710","07-2017","Lesiones físicas",66917,jul. 2017
"08-201710","08-2017","Lesiones físicas",61676,ago. 2017
"09-201710","09-2017","Lesiones físicas",79098,sep. 2017
"10-201710","10-2017","Lesiones físicas",104009,oct. 2017
"11-201710","11-2017","Lesiones físicas",90140,nov. 2017
"12-201710","12-2017","Lesiones físicas",171950,dic. 2017
"01-201711","01-2017","Secuestro",10405,ene. 2017
"02-201711","02-2017","Secuestro",2774,feb. 2017
"03-201711","03-2017","Secuestro",10733,mar. 2017
"04-201711","04-2017","Secuestro",4917,abr. 2017
"05-201711","05-2017","Secuestro",940,may. 2017
"06-201711","06-2017","Secuestro",13032,jun. 2017
"07-201711","07-2017","Secuestro",3884,jul. 2017
"08-201711","08-2017","Secuestro",4549,ago. 2017
"09-201711","09-2017","Secuestro",7078,sep. 2017
"10-201711","10-2017","Secuestro",5920,oct. 2017
"11-201711","11-2017","Secuestro",3028,nov. 2017
"12-201711","12-2017","Secuestro",11100,dic. 2017
"01-201712","01-2017","Hostigamiento",34092,ene. 2017
"02-201712","02-2017","Hostigamiento",80846,feb. 2017
"03-201712","03-2017","Hostigamiento",63691,mar. 2017
"04-201712","04-2017","Hostigamiento",26206,abr. 2017
"05-201712","05-2017","Hostigamiento",49632,may. 2017
"06-201712","06-2017","Hostigamiento",45441,jun. 2017
"07-201712","07-2017","Hostigamiento",59724,jul. 2017
"08-201712","08-2017","Hostigamiento",63457,ago. 2017
"09-201712","09-2017","Hostigamiento",58422,sep. 2017
"10-201712","10-2017","Hostigamiento",62416,oct. 2017
"11-201712","11-2017","Hostigamiento",115807,nov. 2017
"12-201712","12-2017","Hostigamiento",140366,dic. 2017
"01-201713","01-2017","Violación",4299,ene. 2017
"02-201713","02-2017","Violación",2969,feb. 2017
"03-201713","03-2017","Violación",4157,mar. 2017
"04-201713","04-2017","Violación",3103,abr. 2017
"05-201713","05-2017","Violación",6960,may. 2017
"06-201713","06-2017","Violación",3036,jun. 2017
"07-201713","07-2017","Violación",2440,jul. 2017
"08-201713","08-2017","Violación",7656,ago. 2017
"09-201713","09-2017","Violación",5146,sep. 2017
"10-201713","10-2017","Violación",5650,oct. 2017
"11-201713","11-2017","Violación",6809,nov. 2017
"12-201713","12-2017","Violación",7954,dic. 2017
"01-201714","01-2017","Otros",10791,ene. 2017
"02-201714","02-2017","Otros",9890,feb. 2017
"03-201714","03-2017","Otros",6556,mar. 2017
"04-201714","04-2017","Otros",7501,abr. 2017
"05-201714","05-2017","Otros",9085,may. 2017
"06-201714","06-2017","Otros",4250,jun. 2017
"07-201714","07-2017","Otros",6912,jul. 2017
"08-201714","08-2017","Otros",2913,ago. 2017
"09-201714","09-2017","Otros",12133,sep. 2017
"10-201714","10-2017","Otros",9564,oct. 2017
"11-201714","11-2017","Otros",9938,nov. 2017
"12-201714","12-2017","Otros",14934,dic. 2017
"01-2018","01-2018","Robo total de vehículo",44358,ene. 2018
"02-2018","02-2018","Robo total de vehículo",55006,feb. 2018
"03-2018","03-2018","Robo total de vehículo",51480,mar. 2018
"04-2018","04-2018","Robo total de vehículo",35443,abr. 2018
"05-2018","05-2018","Robo total de vehículo",42196,may. 2018
"06-2018","06-2018","Robo total de vehículo",57374,jun. 2018
"07-2018","07-2018","Robo total de vehículo",43241,jul. 2018
"08-2018","08-2018","Robo total de vehículo",40237,ago. 2018
"09-2018","09-2018","Robo total de vehículo",43778,sep. 2018
"10-2018","10-2018","Robo total de vehículo",41055,oct. 2018
"11-2018","11-2018","Robo total de vehículo",54280,nov. 2018
"12-2018","12-2018","Robo total de vehículo",34534,dic. 2018
"01-20181","01-2018","Robo parcial de vehículo",166226,ene. 2018
"02-20181","02-2018","Robo parcial de vehículo",238054,feb. 2018
"03-20181","03-2018","Robo parcial de vehículo",237009,mar. 2018
"04-20181","04-2018","Robo parcial de vehículo",164128,abr. 2018
"05-20181","05-2018","Robo parcial de vehículo",220721,may. 2018
"06-20181","06-2018","Robo parcial de vehículo",288397,jun. 2018
"07-20181","07-2018","Robo parcial de vehículo",207454,jul. 2018
"08-20181","08-2018","Robo parcial de vehículo",214570,ago. 2018
"09-20181","09-2018","Robo parcial de vehículo",236464,sep. 2018
"10-20181","10-2018","Robo parcial de vehículo",228860,oct. 2018
"11-20181","11-2018","Robo parcial de vehículo",301821,nov. 2018
"12-20181","12-2018","Robo parcial de vehículo",252884,dic. 2018
"01-20182","01-2018","Vandalismo",167317,ene. 2018
"02-20182","02-2018","Vandalismo",220766,feb. 2018
"03-20182","03-2018","Vandalismo",225293,mar. 2018
"04-20182","04-2018","Vandalismo",163795,abr. 2018
"05-20182","05-2018","Vandalismo",189153,may. 2018
"06-20182","06-2018","Vandalismo",235112,jun. 2018
"07-20182","07-2018","Vandalismo",171934,jul. 2018
"08-20182","08-2018","Vandalismo",179215,ago. 2018
"09-20182","09-2018","Vandalismo",191569,sep. 2018
"10-20182","10-2018","Vandalismo",209665,oct. 2018
"11-20182","11-2018","Vandalismo",242624,nov. 2018
"12-20182","12-2018","Vandalismo",246480,dic. 2018
"01-20183","01-2018","Robo en casa",134801,ene. 2018
"02-20183","02-2018","Robo en casa",132414,feb. 2018
"03-20183","03-2018","Robo en casa",147571,mar. 2018
"04-20183","04-2018","Robo en casa",135446,abr. 2018
"05-20183","05-2018","Robo en casa",166126,may. 2018
"06-20183","06-2018","Robo en casa",191072,jun. 2018
"07-20183","07-2018","Robo en casa",132739,jul. 2018
"08-20183","08-2018","Robo en casa",162266,ago. 2018
"09-20183","09-2018","Robo en casa",152162,sep. 2018
"10-20183","10-2018","Robo en casa",167687,oct. 2018
"11-20183","11-2018","Robo en casa",208746,nov. 2018
"12-20183","12-2018","Robo en casa",253900,dic. 2018
"01-20184","01-2018","Robo en la calle",448670,ene. 2018
"02-20184","02-2018","Robo en la calle",542283,feb. 2018
"03-20184","03-2018","Robo en la calle",542435,mar. 2018
"04-20184","04-2018","Robo en la calle",437962,abr. 2018
"05-20184","05-2018","Robo en la calle",580606,may. 2018
"06-20184","06-2018","Robo en la calle",601154,jun. 2018
"07-20184","07-2018","Robo en la calle",452460,jul. 2018
"08-20184","08-2018","Robo en la calle",527425,ago. 2018
"09-20184","09-2018","Robo en la calle",639273,sep. 2018
"10-20184","10-2018","Robo en la calle",585599,oct. 2018
"11-20184","11-2018","Robo en la calle",848908,nov. 2018
"12-20184","12-2018","Robo en la calle",924728,dic. 2018
"01-20185","01-2018","Otro tipo de robo",72703,ene. 2018
"02-20185","02-2018","Otro tipo de robo",99510,feb. 2018
"03-20185","03-2018","Otro tipo de robo",88972,mar. 2018
"04-20185","04-2018","Otro tipo de robo",66177,abr. 2018
"05-20185","05-2018","Otro tipo de robo",91472,may. 2018
"06-20185","06-2018","Otro tipo de robo",112735,jun. 2018
"07-20185","07-2018","Otro tipo de robo",95003,jul. 2018
"08-20185","08-2018","Otro tipo de robo",104899,ago. 2018
"09-20185","09-2018","Otro tipo de robo",104188,sep. 2018
"10-20185","10-2018","Otro tipo de robo",114749,oct. 2018
"11-20185","11-2018","Otro tipo de robo",160354,nov. 2018
"12-20185","12-2018","Otro tipo de robo",178184,dic. 2018
"01-20186","01-2018","Fraude bancario",148487,ene. 2018
"02-20186","02-2018","Fraude bancario",166287,feb. 2018
"03-20186","03-2018","Fraude bancario",209052,mar. 2018
"04-20186","04-2018","Fraude bancario",136729,abr. 2018
"05-20186","05-2018","Fraude bancario",191219,may. 2018
"06-20186","06-2018","Fraude bancario",163440,jun. 2018
"07-20186","07-2018","Fraude bancario",142150,jul. 2018
"08-20186","08-2018","Fraude bancario",179483,ago. 2018
"09-20186","09-2018","Fraude bancario",175579,sep. 2018
"10-20186","10-2018","Fraude bancario",179059,oct. 2018
"11-20186","11-2018","Fraude bancario",259120,nov. 2018
"12-20186","12-2018","Fraude bancario",300337,dic. 2018
"01-20187","01-2018","Fraude al consumidor",123773,ene. 2018
"02-20187","02-2018","Fraude al consumidor",158030,feb. 2018
"03-20187","03-2018","Fraude al consumidor",132792,mar. 2018
"04-20187","04-2018","Fraude al consumidor",88372,abr. 2018
"05-20187","05-2018","Fraude al consumidor",116985,may. 2018
"06-20187","06-2018","Fraude al consumidor",101225,jun. 2018
"07-20187","07-2018","Fraude al consumidor",102558,jul. 2018
"08-20187","08-2018","Fraude al consumidor",106898,ago. 2018
"09-20187","09-2018","Fraude al consumidor",116352,sep. 2018
"10-20187","10-2018","Fraude al consumidor",123955,oct. 2018
"11-20187","11-2018","Fraude al consumidor",128625,nov. 2018
"12-20187","12-2018","Fraude al consumidor",173520,dic. 2018
"01-20188","01-2018","Extorsión",302624,ene. 2018
"02-20188","02-2018","Extorsión",413072,feb. 2018
"03-20188","03-2018","Extorsión",369237,mar. 2018
"04-20188","04-2018","Extorsión",291862,abr. 2018
"05-20188","05-2018","Extorsión",469743,may. 2018
"06-20188","06-2018","Extorsión",570174,jun. 2018
"07-20188","07-2018","Extorsión",367885,jul. 2018
"08-20188","08-2018","Extorsión",391245,ago. 2018
"09-20188","09-2018","Extorsión",398426,sep. 2018
"10-20188","10-2018","Extorsión",444220,oct. 2018
"11-20188","11-2018","Extorsión",586500,nov. 2018
"12-20188","12-2018","Extorsión",581479,dic. 2018
"01-20189","01-2018","Amenazas verbales",125220,ene. 2018
"02-20189","02-2018","Amenazas verbales",140890,feb. 2018
"03-20189","03-2018","Amenazas verbales",137039,mar. 2018
"04-20189","04-2018","Amenazas verbales",121950,abr. 2018
"05-20189","05-2018","Amenazas verbales",155319,may. 2018
"06-20189","06-2018","Amenazas verbales",185605,jun. 2018
"07-20189","07-2018","Amenazas verbales",139948,jul. 2018
"08-20189","08-2018","Amenazas verbales",154790,ago. 2018
"09-20189","09-2018","Amenazas verbales",182687,sep. 2018
"10-20189","10-2018","Amenazas verbales",207636,oct. 2018
"11-20189","11-2018","Amenazas verbales",247196,nov. 2018
"12-20189","12-2018","Amenazas verbales",345819,dic. 2018
"01-201810","01-2018","Lesiones físicas",52151,ene. 2018
"02-201810","02-2018","Lesiones físicas",63632,feb. 2018
"03-201810","03-2018","Lesiones físicas",77078,mar. 2018
"04-201810","04-2018","Lesiones físicas",58717,abr. 2018
"05-201810","05-2018","Lesiones físicas",66195,may. 2018
"06-201810","06-2018","Lesiones físicas",73674,jun. 2018
"07-201810","07-2018","Lesiones físicas",39825,jul. 2018
"08-201810","08-2018","Lesiones físicas",71169,ago. 2018
"09-201810","09-2018","Lesiones físicas",55303,sep. 2018
"10-201810","10-2018","Lesiones físicas",84348,oct. 2018
"11-201810","11-2018","Lesiones físicas",92082,nov. 2018
"12-201810","12-2018","Lesiones físicas",110011,dic. 2018
"01-201811","01-2018","Secuestro",3804,ene. 2018
"02-201811","02-2018","Secuestro",3420,feb. 2018
"03-201811","03-2018","Secuestro",5750,mar. 2018
"04-201811","04-2018","Secuestro",4615,abr. 2018
"05-201811","05-2018","Secuestro",4442,may. 2018
"06-201811","06-2018","Secuestro",1726,jun. 2018
"07-201811","07-2018","Secuestro",7690,jul. 2018
"08-201811","08-2018","Secuestro",1269,ago. 2018
"09-201811","09-2018","Secuestro",1551,sep. 2018
"10-201811","10-2018","Secuestro",9835,oct. 2018
"11-201811","11-2018","Secuestro",4437,nov. 2018
"12-201811","12-2018","Secuestro",14039,dic. 2018
"01-201812","01-2018","Hostigamiento",53645,ene. 2018
"02-201812","02-2018","Hostigamiento",70849,feb. 2018
"03-201812","03-2018","Hostigamiento",59799,mar. 2018
"04-201812","04-2018","Hostigamiento",41734,abr. 2018
"05-201812","05-2018","Hostigamiento",75722,may. 2018
"06-201812","06-2018","Hostigamiento",58853,jun. 2018
"07-201812","07-2018","Hostigamiento",56411,jul. 2018
"08-201812","08-2018","Hostigamiento",89970,ago. 2018
"09-201812","09-2018","Hostigamiento",90690,sep. 2018
"10-201812","10-2018","Hostigamiento",108219,oct. 2018
"11-201812","11-2018","Hostigamiento",114290,nov. 2018
"12-201812","12-2018","Hostigamiento",179970,dic. 2018
"01-201813","01-2018","Violación",6464,ene. 2018
"02-201813","02-2018","Violación",3977,feb. 2018
"03-201813","03-2018","Violación",NA,mar. 2018
"04-201813","04-2018","Violación",749,abr. 2018
"05-201813","05-2018","Violación",2080,may. 2018
"06-201813","06-2018","Violación",4657,jun. 2018
"07-201813","07-2018","Violación",4745,jul. 2018
"08-201813","08-2018","Violación",6496,ago. 2018
"09-201813","09-2018","Violación",6099,sep. 2018
"10-201813","10-2018","Violación",2942,oct. 2018
"11-201813","11-2018","Violación",8466,nov. 2018
"12-201813","12-2018","Violación",5738,dic. 2018
"01-201814","01-2018","Otros",6105,ene. 2018
"02-201814","02-2018","Otros",6243,feb. 2018
"03-201814","03-2018","Otros",5097,mar. 2018
"04-201814","04-2018","Otros",1575,abr. 2018
"05-201814","05-2018","Otros",2766,may. 2018
"06-201814","06-2018","Otros",2219,jun. 2018
"07-201814","07-2018","Otros",8018,jul. 2018
"08-201814","08-2018","Otros",3063,ago. 2018
"09-201814","09-2018","Otros",1953,sep. 2018
"10-201814","10-2018","Otros",4957,oct. 2018
"11-201814","11-2018","Otros",5155,nov. 2018
"12-201814","12-2018","Otros",11390,dic. 2018
"01-2019","01-2019","Robo total de vehículo",36764,ene. 2019
"02-2019","02-2019","Robo total de vehículo",52033,feb. 2019
"03-2019","03-2019","Robo total de vehículo",57330,mar. 2019
"04-2019","04-2019","Robo total de vehículo",39678,abr. 2019
"05-2019","05-2019","Robo total de vehículo",46580,may. 2019
"06-2019","06-2019","Robo total de vehículo",44683,jun. 2019
"07-2019","07-2019","Robo total de vehículo",31819,jul. 2019
"08-2019","08-2019","Robo total de vehículo",33645,ago. 2019
"09-2019","09-2019","Robo total de vehículo",47288,sep. 2019
"10-2019","10-2019","Robo total de vehículo",41473,oct. 2019
"11-2019","11-2019","Robo total de vehículo",40837,nov. 2019
"12-2019","12-2019","Robo total de vehículo",42669,dic. 2019
"01-20191","01-2019","Robo parcial de vehículo",167652,ene. 2019
"02-20191","02-2019","Robo parcial de vehículo",256515,feb. 2019
"03-20191","03-2019","Robo parcial de vehículo",245362,mar. 2019
"04-20191","04-2019","Robo parcial de vehículo",173805,abr. 2019
"05-20191","05-2019","Robo parcial de vehículo",219834,may. 2019
"06-20191","06-2019","Robo parcial de vehículo",287330,jun. 2019
"07-20191","07-2019","Robo parcial de vehículo",188950,jul. 2019
"08-20191","08-2019","Robo parcial de vehículo",217696,ago. 2019
"09-20191","09-2019","Robo parcial de vehículo",216378,sep. 2019
"10-20191","10-2019","Robo parcial de vehículo",196025,oct. 2019
"11-20191","11-2019","Robo parcial de vehículo",271159,nov. 2019
"12-20191","12-2019","Robo parcial de vehículo",261143,dic. 2019
"01-20192","01-2019","Vandalismo",185071,ene. 2019
"02-20192","02-2019","Vandalismo",208149,feb. 2019
"03-20192","03-2019","Vandalismo",222992,mar. 2019
"04-20192","04-2019","Vandalismo",154957,abr. 2019
"05-20192","05-2019","Vandalismo",196069,may. 2019
"06-20192","06-2019","Vandalismo",238729,jun. 2019
"07-20192","07-2019","Vandalismo",158382,jul. 2019
"08-20192","08-2019","Vandalismo",165516,ago. 2019
"09-20192","09-2019","Vandalismo",158666,sep. 2019
"10-20192","10-2019","Vandalismo",162511,oct. 2019
"11-20192","11-2019","Vandalismo",201206,nov. 2019
"12-20192","12-2019","Vandalismo",215625,dic. 2019
"01-20193","01-2019","Robo en casa",129488,ene. 2019
"02-20193","02-2019","Robo en casa",137902,feb. 2019
"03-20193","03-2019","Robo en casa",164196,mar. 2019
"04-20193","04-2019","Robo en casa",114149,abr. 2019
"05-20193","05-2019","Robo en casa",155955,may. 2019
"06-20193","06-2019","Robo en casa",150275,jun. 2019
"07-20193","07-2019","Robo en casa",143555,jul. 2019
"08-20193","08-2019","Robo en casa",147094,ago. 2019
"09-20193","09-2019","Robo en casa",144913,sep. 2019
"10-20193","10-2019","Robo en casa",161507,oct. 2019
"11-20193","11-2019","Robo en casa",228627,nov. 2019
"12-20193","12-2019","Robo en casa",229300,dic. 2019
"01-20194","01-2019","Robo en la calle",478999,ene. 2019
"02-20194","02-2019","Robo en la calle",566901,feb. 2019
"03-20194","03-2019","Robo en la calle",597954,mar. 2019
"04-20194","04-2019","Robo en la calle",386796,abr. 2019
"05-20194","05-2019","Robo en la calle",566929,may. 2019
"06-20194","06-2019","Robo en la calle",544189,jun. 2019
"07-20194","07-2019","Robo en la calle",449743,jul. 2019
"08-20194","08-2019","Robo en la calle",508701,ago. 2019
"09-20194","09-2019","Robo en la calle",596141,sep. 2019
"10-20194","10-2019","Robo en la calle",565817,oct. 2019
"11-20194","11-2019","Robo en la calle",853670,nov. 2019
"12-20194","12-2019","Robo en la calle",941436,dic. 2019
"01-20195","01-2019","Otro tipo de robo",69697,ene. 2019
"02-20195","02-2019","Otro tipo de robo",87157,feb. 2019
"03-20195","03-2019","Otro tipo de robo",100934,mar. 2019
"04-20195","04-2019","Otro tipo de robo",75253,abr. 2019
"05-20195","05-2019","Otro tipo de robo",123016,may. 2019
"06-20195","06-2019","Otro tipo de robo",131542,jun. 2019
"07-20195","07-2019","Otro tipo de robo",116999,jul. 2019
"08-20195","08-2019","Otro tipo de robo",133459,ago. 2019
"09-20195","09-2019","Otro tipo de robo",102683,sep. 2019
"10-20195","10-2019","Otro tipo de robo",123943,oct. 2019
"11-20195","11-2019","Otro tipo de robo",157225,nov. 2019
"12-20195","12-2019","Otro tipo de robo",193374,dic. 2019
"01-20196","01-2019","Fraude bancario",148981,ene. 2019
"02-20196","02-2019","Fraude bancario",215176,feb. 2019
"03-20196","03-2019","Fraude bancario",190558,mar. 2019
"04-20196","04-2019","Fraude bancario",129206,abr. 2019
"05-20196","05-2019","Fraude bancario",184603,may. 2019
"06-20196","06-2019","Fraude bancario",196683,jun. 2019
"07-20196","07-2019","Fraude bancario",162966,jul. 2019
"08-20196","08-2019","Fraude bancario",168714,ago. 2019
"09-20196","09-2019","Fraude bancario",172855,sep. 2019
"10-20196","10-2019","Fraude bancario",175100,oct. 2019
"11-20196","11-2019","Fraude bancario",245700,nov. 2019
"12-20196","12-2019","Fraude bancario",281373,dic. 2019
"01-20197","01-2019","Fraude al consumidor",135534,ene. 2019
"02-20197","02-2019","Fraude al consumidor",113916,feb. 2019
"03-20197","03-2019","Fraude al consumidor",152367,mar. 2019
"04-20197","04-2019","Fraude al consumidor",95130,abr. 2019
"05-20197","05-2019","Fraude al consumidor",102120,may. 2019
"06-20197","06-2019","Fraude al consumidor",137543,jun. 2019
"07-20197","07-2019","Fraude al consumidor",102956,jul. 2019
"08-20197","08-2019","Fraude al consumidor",122891,ago. 2019
"09-20197","09-2019","Fraude al consumidor",119619,sep. 2019
"10-20197","10-2019","Fraude al consumidor",118669,oct. 2019
"11-20197","11-2019","Fraude al consumidor",170722,nov. 2019
"12-20197","12-2019","Fraude al consumidor",202766,dic. 2019
"01-20198","01-2019","Extorsión",265016,ene. 2019
"02-20198","02-2019","Extorsión",360287,feb. 2019
"03-20198","03-2019","Extorsión",429363,mar. 2019
"04-20198","04-2019","Extorsión",276241,abr. 2019
"05-20198","05-2019","Extorsión",402061,may. 2019
"06-20198","06-2019","Extorsión",458462,jun. 2019
"07-20198","07-2019","Extorsión",374441,jul. 2019
"08-20198","08-2019","Extorsión",327826,ago. 2019
"09-20198","09-2019","Extorsión",363684,sep. 2019
"10-20198","10-2019","Extorsión",342626,oct. 2019
"11-20198","11-2019","Extorsión",477189,nov. 2019
"12-20198","12-2019","Extorsión",516697,dic. 2019
"01-20199","01-2019","Amenazas verbales",176592,ene. 2019
"02-20199","02-2019","Amenazas verbales",154775,feb. 2019
"03-20199","03-2019","Amenazas verbales",206978,mar. 2019
"04-20199","04-2019","Amenazas verbales",142793,abr. 2019
"05-20199","05-2019","Amenazas verbales",161213,may. 2019
"06-20199","06-2019","Amenazas verbales",211940,jun. 2019
"07-20199","07-2019","Amenazas verbales",150125,jul. 2019
"08-20199","08-2019","Amenazas verbales",159372,ago. 2019
"09-20199","09-2019","Amenazas verbales",164746,sep. 2019
"10-20199","10-2019","Amenazas verbales",205160,oct. 2019
"11-20199","11-2019","Amenazas verbales",258084,nov. 2019
"12-20199","12-2019","Amenazas verbales",299910,dic. 2019
"01-201910","01-2019","Lesiones físicas",47866,ene. 2019
"02-201910","02-2019","Lesiones físicas",59413,feb. 2019
"03-201910","03-2019","Lesiones físicas",77267,mar. 2019
"04-201910","04-2019","Lesiones físicas",51989,abr. 2019
"05-201910","05-2019","Lesiones físicas",73323,may. 2019
"06-201910","06-2019","Lesiones físicas",47643,jun. 2019
"07-201910","07-2019","Lesiones físicas",42685,jul. 2019
"08-201910","08-2019","Lesiones físicas",61633,ago. 2019
"09-201910","09-2019","Lesiones físicas",59882,sep. 2019
"10-201910","10-2019","Lesiones físicas",67141,oct. 2019
"11-201910","11-2019","Lesiones físicas",93269,nov. 2019
"12-201910","12-2019","Lesiones físicas",132971,dic. 2019
"01-201911","01-2019","Secuestro",3810,ene. 2019
"02-201911","02-2019","Secuestro",2825,feb. 2019
"03-201911","03-2019","Secuestro",4904,mar. 2019
"04-201911","04-2019","Secuestro",3706,abr. 2019
"05-201911","05-2019","Secuestro",3994,may. 2019
"06-201911","06-2019","Secuestro",2551,jun. 2019
"07-201911","07-2019","Secuestro",1775,jul. 2019
"08-201911","08-2019","Secuestro",3462,ago. 2019
"09-201911","09-2019","Secuestro",7244,sep. 2019
"10-201911","10-2019","Secuestro",3910,oct. 2019
"11-201911","11-2019","Secuestro",3178,nov. 2019
"12-201911","12-2019","Secuestro",3875,dic. 2019
"01-201912","01-2019","Hostigamiento",64191,ene. 2019
"02-201912","02-2019","Hostigamiento",63384,feb. 2019
"03-201912","03-2019","Hostigamiento",83462,mar. 2019
"04-201912","04-2019","Hostigamiento",83060,abr. 2019
"05-201912","05-2019","Hostigamiento",76113,may. 2019
"06-201912","06-2019","Hostigamiento",60349,jun. 2019
"07-201912","07-2019","Hostigamiento",58737,jul. 2019
"08-201912","08-2019","Hostigamiento",75779,ago. 2019
"09-201912","09-2019","Hostigamiento",57634,sep. 2019
"10-201912","10-2019","Hostigamiento",77777,oct. 2019
"11-201912","11-2019","Hostigamiento",114079,nov. 2019
"12-201912","12-2019","Hostigamiento",122884,dic. 2019
"01-201913","01-2019","Violación",4405,ene. 2019
"02-201913","02-2019","Violación",7376,feb. 2019
"03-201913","03-2019","Violación",7815,mar. 2019
"04-201913","04-2019","Violación",3146,abr. 2019
"05-201913","05-2019","Violación",2737,may. 2019
"06-201913","06-2019","Violación",2266,jun. 2019
"07-201913","07-2019","Violación",2883,jul. 2019
"08-201913","08-2019","Violación",4044,ago. 2019
"09-201913","09-2019","Violación",4248,sep. 2019
"10-201913","10-2019","Violación",6813,oct. 2019
"11-201913","11-2019","Violación",697,nov. 2019
"12-201913","12-2019","Violación",13898,dic. 2019
"01-201914","01-2019","Otros",7652,ene. 2019
"02-201914","02-2019","Otros",10430,feb. 2019
"03-201914","03-2019","Otros",12251,mar. 2019
"04-201914","04-2019","Otros",4605,abr. 2019
"05-201914","05-2019","Otros",15295,may. 2019
"06-201914","06-2019","Otros",7478,jun. 2019
"07-201914","07-2019","Otros",4830,jul. 2019
"08-201914","08-2019","Otros",8003,ago. 2019
"09-201914","09-2019","Otros",3696,sep. 2019
"10-201914","10-2019","Otros",8482,oct. 2019
"11-201914","11-2019","Otros",13235,nov. 2019
"12-201914","12-2019","Otros",23467,dic. 2019
"01-2020","01-2020","Robo total de vehículo",48603,ene. 2020
"02-2020","02-2020","Robo total de vehículo",69283,feb. 2020
"03-2020","03-2020","Robo total de vehículo",54434,mar. 2020
"04-2020","04-2020","Robo total de vehículo",37088,abr. 2020
"05-2020","05-2020","Robo total de vehículo",41868,may. 2020
"06-2020","06-2020","Robo total de vehículo",55259,jun. 2020
"07-2020","07-2020","Robo total de vehículo",38503,jul. 2020
"08-2020","08-2020","Robo total de vehículo",33659,ago. 2020
"09-2020","09-2020","Robo total de vehículo",34989,sep. 2020
"10-2020","10-2020","Robo total de vehículo",35684,oct. 2020
"11-2020","11-2020","Robo total de vehículo",53944,nov. 2020
"12-2020","12-2020","Robo total de vehículo",47910,dic. 2020
"01-20201","01-2020","Robo parcial de vehículo",161822,ene. 2020
"02-20201","02-2020","Robo parcial de vehículo",237583,feb. 2020
"03-20201","03-2020","Robo parcial de vehículo",244458,mar. 2020
"04-20201","04-2020","Robo parcial de vehículo",164788,abr. 2020
"05-20201","05-2020","Robo parcial de vehículo",206294,may. 2020
"06-20201","06-2020","Robo parcial de vehículo",225013,jun. 2020
"07-20201","07-2020","Robo parcial de vehículo",147558,jul. 2020
"08-20201","08-2020","Robo parcial de vehículo",155429,ago. 2020
"09-20201","09-2020","Robo parcial de vehículo",180510,sep. 2020
"10-20201","10-2020","Robo parcial de vehículo",193260,oct. 2020
"11-20201","11-2020","Robo parcial de vehículo",224736,nov. 2020
"12-20201","12-2020","Robo parcial de vehículo",222765,dic. 2020
"01-20202","01-2020","Vandalismo",160086,ene. 2020
"02-20202","02-2020","Vandalismo",182969,feb. 2020
"03-20202","03-2020","Vandalismo",198388,mar. 2020
"04-20202","04-2020","Vandalismo",139166,abr. 2020
"05-20202","05-2020","Vandalismo",160930,may. 2020
"06-20202","06-2020","Vandalismo",187325,jun. 2020
"07-20202","07-2020","Vandalismo",132511,jul. 2020
"08-20202","08-2020","Vandalismo",132510,ago. 2020
"09-20202","09-2020","Vandalismo",136169,sep. 2020
"10-20202","10-2020","Vandalismo",123341,oct. 2020
"11-20202","11-2020","Vandalismo",177165,nov. 2020
"12-20202","12-2020","Vandalismo",175006,dic. 2020
"01-20203","01-2020","Robo en casa",106327,ene. 2020
"02-20203","02-2020","Robo en casa",115673,feb. 2020
"03-20203","03-2020","Robo en casa",143119,mar. 2020
"04-20203","04-2020","Robo en casa",103065,abr. 2020
"05-20203","05-2020","Robo en casa",127177,may. 2020
"06-20203","06-2020","Robo en casa",146752,jun. 2020
"07-20203","07-2020","Robo en casa",121714,jul. 2020
"08-20203","08-2020","Robo en casa",108203,ago. 2020
"09-20203","09-2020","Robo en casa",97532,sep. 2020
"10-20203","10-2020","Robo en casa",121010,oct. 2020
"11-20203","11-2020","Robo en casa",178294,nov. 2020
"12-20203","12-2020","Robo en casa",174523,dic. 2020
"01-20204","01-2020","Robo en la calle",424841,ene. 2020
"02-20204","02-2020","Robo en la calle",532789,feb. 2020
"03-20204","03-2020","Robo en la calle",520075,mar. 2020
"04-20204","04-2020","Robo en la calle",401259,abr. 2020
"05-20204","05-2020","Robo en la calle",527650,may. 2020
"06-20204","06-2020","Robo en la calle",485533,jun. 2020
"07-20204","07-2020","Robo en la calle",393879,jul. 2020
"08-20204","08-2020","Robo en la calle",377555,ago. 2020
"09-20204","09-2020","Robo en la calle",463845,sep. 2020
"10-20204","10-2020","Robo en la calle",491154,oct. 2020
"11-20204","11-2020","Robo en la calle",649215,nov. 2020
"12-20204","12-2020","Robo en la calle",684182,dic. 2020
"01-20205","01-2020","Otro tipo de robo",58266,ene. 2020
"02-20205","02-2020","Otro tipo de robo",62235,feb. 2020
"03-20205","03-2020","Otro tipo de robo",74508,mar. 2020
"04-20205","04-2020","Otro tipo de robo",56947,abr. 2020
"05-20205","05-2020","Otro tipo de robo",63382,may. 2020
"06-20205","06-2020","Otro tipo de robo",83549,jun. 2020
"07-20205","07-2020","Otro tipo de robo",68266,jul. 2020
"08-20205","08-2020","Otro tipo de robo",76000,ago. 2020
"09-20205","09-2020","Otro tipo de robo",60897,sep. 2020
"10-20205","10-2020","Otro tipo de robo",70604,oct. 2020
"11-20205","11-2020","Otro tipo de robo",96469,nov. 2020
"12-20205","12-2020","Otro tipo de robo",102232,dic. 2020
"01-20206","01-2020","Fraude bancario",153990,ene. 2020
"02-20206","02-2020","Fraude bancario",207699,feb. 2020
"03-20206","03-2020","Fraude bancario",206487,mar. 2020
"04-20206","04-2020","Fraude bancario",150511,abr. 2020
"05-20206","05-2020","Fraude bancario",176297,may. 2020
"06-20206","06-2020","Fraude bancario",180283,jun. 2020
"07-20206","07-2020","Fraude bancario",181304,jul. 2020
"08-20206","08-2020","Fraude bancario",184793,ago. 2020
"09-20206","09-2020","Fraude bancario",161465,sep. 2020
"10-20206","10-2020","Fraude bancario",179921,oct. 2020
"11-20206","11-2020","Fraude bancario",242886,nov. 2020
"12-20206","12-2020","Fraude bancario",247917,dic. 2020
"01-20207","01-2020","Fraude al consumidor",93646,ene. 2020
"02-20207","02-2020","Fraude al consumidor",129301,feb. 2020
"03-20207","03-2020","Fraude al consumidor",146109,mar. 2020
"04-20207","04-2020","Fraude al consumidor",83047,abr. 2020
"05-20207","05-2020","Fraude al consumidor",149025,may. 2020
"06-20207","06-2020","Fraude al consumidor",118234,jun. 2020
"07-20207","07-2020","Fraude al consumidor",80640,jul. 2020
"08-20207","08-2020","Fraude al consumidor",96188,ago. 2020
"09-20207","09-2020","Fraude al consumidor",93476,sep. 2020
"10-20207","10-2020","Fraude al consumidor",90724,oct. 2020
"11-20207","11-2020","Fraude al consumidor",168241,nov. 2020
"12-20207","12-2020","Fraude al consumidor",185910,dic. 2020
"01-20208","01-2020","Extorsión",224496,ene. 2020
"02-20208","02-2020","Extorsión",355875,feb. 2020
"03-20208","03-2020","Extorsión",362513,mar. 2020
"04-20208","04-2020","Extorsión",223492,abr. 2020
"05-20208","05-2020","Extorsión",284005,may. 2020
"06-20208","06-2020","Extorsión",382488,jun. 2020
"07-20208","07-2020","Extorsión",296255,jul. 2020
"08-20208","08-2020","Extorsión",268347,ago. 2020
"09-20208","09-2020","Extorsión",249292,sep. 2020
"10-20208","10-2020","Extorsión",264676,oct. 2020
"11-20208","11-2020","Extorsión",365343,nov. 2020
"12-20208","12-2020","Extorsión",347394,dic. 2020
"01-20209","01-2020","Amenazas verbales",175622,ene. 2020
"02-20209","02-2020","Amenazas verbales",181274,feb. 2020
"03-20209","03-2020","Amenazas verbales",189429,mar. 2020
"04-20209","04-2020","Amenazas verbales",140432,abr. 2020
"05-20209","05-2020","Amenazas verbales",149659,may. 2020
"06-20209","06-2020","Amenazas verbales",193728,jun. 2020
"07-20209","07-2020","Amenazas verbales",121403,jul. 2020
"08-20209","08-2020","Amenazas verbales",151268,ago. 2020
"09-20209","09-2020","Amenazas verbales",205382,sep. 2020
"10-20209","10-2020","Amenazas verbales",192218,oct. 2020
"11-20209","11-2020","Amenazas verbales",230859,nov. 2020
"12-20209","12-2020","Amenazas verbales",284289,dic. 2020
"01-202010","01-2020","Lesiones físicas",59577,ene. 2020
"02-202010","02-2020","Lesiones físicas",76436,feb. 2020
"03-202010","03-2020","Lesiones físicas",62857,mar. 2020
"04-202010","04-2020","Lesiones físicas",45687,abr. 2020
"05-202010","05-2020","Lesiones físicas",77035,may. 2020
"06-202010","06-2020","Lesiones físicas",66262,jun. 2020
"07-202010","07-2020","Lesiones físicas",51589,jul. 2020
"08-202010","08-2020","Lesiones físicas",61299,ago. 2020
"09-202010","09-2020","Lesiones físicas",64847,sep. 2020
"10-202010","10-2020","Lesiones físicas",56117,oct. 2020
"11-202010","11-2020","Lesiones físicas",94152,nov. 2020
"12-202010","12-2020","Lesiones físicas",98325,dic. 2020
"01-202011","01-2020","Secuestro",1509,ene. 2020
"02-202011","02-2020","Secuestro",4673,feb. 2020
"03-202011","03-2020","Secuestro",7154,mar. 2020
"04-202011","04-2020","Secuestro",3224,abr. 2020
"05-202011","05-2020","Secuestro",4621,may. 2020
"06-202011","06-2020","Secuestro",6935,jun. 2020
"07-202011","07-2020","Secuestro",8337,jul. 2020
"08-202011","08-2020","Secuestro",6601,ago. 2020
"09-202011","09-2020","Secuestro",13325,sep. 2020
"10-202011","10-2020","Secuestro",2485,oct. 2020
"11-202011","11-2020","Secuestro",6096,nov. 2020
"12-202011","12-2020","Secuestro",7312,dic. 2020
"01-202012","01-2020","Hostigamiento",121360,ene. 2020
"02-202012","02-2020","Hostigamiento",147715,feb. 2020
"03-202012","03-2020","Hostigamiento",135610,mar. 2020
"04-202012","04-2020","Hostigamiento",98310,abr. 2020
"05-202012","05-2020","Hostigamiento",108465,may. 2020
"06-202012","06-2020","Hostigamiento",119397,jun. 2020
"07-202012","07-2020","Hostigamiento",106851,jul. 2020
"08-202012","08-2020","Hostigamiento",126352,ago. 2020
"09-202012","09-2020","Hostigamiento",118302,sep. 2020
"10-202012","10-2020","Hostigamiento",139874,oct. 2020
"11-202012","11-2020","Hostigamiento",201424,nov. 2020
"12-202012","12-2020","Hostigamiento",179696,dic. 2020
"01-202013","01-2020","Violación",4552,ene. 2020
"02-202013","02-2020","Violación",6150,feb. 2020
"03-202013","03-2020","Violación",8689,mar. 2020
"04-202013","04-2020","Violación",1874,abr. 2020
"05-202013","05-2020","Violación",8676,may. 2020
"06-202013","06-2020","Violación",6000,jun. 2020
"07-202013","07-2020","Violación",10423,jul. 2020
"08-202013","08-2020","Violación",2647,ago. 2020
"09-202013","09-2020","Violación",1579,sep. 2020
"10-202013","10-2020","Violación",4166,oct. 2020
"11-202013","11-2020","Violación",7481,nov. 2020
"12-202013","12-2020","Violación",13597,dic. 2020
"01-202014","01-2020","Otros",6693,ene. 2020
"02-202014","02-2020","Otros",2402,feb. 2020
"03-202014","03-2020","Otros",5966,mar. 2020
"04-202014","04-2020","Otros",3927,abr. 2020
"05-202014","05-2020","Otros",3203,may. 2020
"06-202014","06-2020","Otros",7007,jun. 2020
"07-202014","07-2020","Otros",2788,jul. 2020
"08-202014","08-2020","Otros",9954,ago. 2020
"09-202014","09-2020","Otros",8427,sep. 2020
"10-202014","10-2020","Otros",3924,oct. 2020
"11-202014","11-2020","Otros",16185,nov. 2020
"12-202014","12-2020","Otros",17045,dic. 2020
"01-2021","01-2021","Robo total de vehículo",46703,ene. 2021
"02-2021","02-2021","Robo total de vehículo",58160,feb. 2021
"03-2021","03-2021","Robo total de vehículo",59668,mar. 2021
"04-2021","04-2021","Robo total de vehículo",30157,abr. 2021
"05-2021","05-2021","Robo total de vehículo",26311,may. 2021
"06-2021","06-2021","Robo total de vehículo",44051,jun. 2021
"07-2021","07-2021","Robo total de vehículo",26460,jul. 2021
"08-2021","08-2021","Robo total de vehículo",34105,ago. 2021
"09-2021","09-2021","Robo total de vehículo",36186,sep. 2021
"10-2021","10-2021","Robo total de vehículo",36628,oct. 2021
"11-2021","11-2021","Robo total de vehículo",34051,nov. 2021
"12-2021","12-2021","Robo total de vehículo",33497,dic. 2021
"01-20211","01-2021","Robo parcial de vehículo",186990,ene. 2021
"02-20211","02-2021","Robo parcial de vehículo",287841,feb. 2021
"03-20211","03-2021","Robo parcial de vehículo",244348,mar. 2021
"04-20211","04-2021","Robo parcial de vehículo",158798,abr. 2021
"05-20211","05-2021","Robo parcial de vehículo",192831,may. 2021
"06-20211","06-2021","Robo parcial de vehículo",249984,jun. 2021
"07-20211","07-2021","Robo parcial de vehículo",157759,jul. 2021
"08-20211","08-2021","Robo parcial de vehículo",167977,ago. 2021
"09-20211","09-2021","Robo parcial de vehículo",157023,sep. 2021
"10-20211","10-2021","Robo parcial de vehículo",170632,oct. 2021
"11-20211","11-2021","Robo parcial de vehículo",226221,nov. 2021
"12-20211","12-2021","Robo parcial de vehículo",200150,dic. 2021
"01-20212","01-2021","Vandalismo",156681,ene. 2021
"02-20212","02-2021","Vandalismo",204700,feb. 2021
"03-20212","03-2021","Vandalismo",169719,mar. 2021
"04-20212","04-2021","Vandalismo",114148,abr. 2021
"05-20212","05-2021","Vandalismo",156633,may. 2021
"06-20212","06-2021","Vandalismo",187934,jun. 2021
"07-20212","07-2021","Vandalismo",120393,jul. 2021
"08-20212","08-2021","Vandalismo",93468,ago. 2021
"09-20212","09-2021","Vandalismo",135254,sep. 2021
"10-20212","10-2021","Vandalismo",107103,oct. 2021
"11-20212","11-2021","Vandalismo",157823,nov. 2021
"12-20212","12-2021","Vandalismo",149257,dic. 2021
"01-20213","01-2021","Robo en casa",144633,ene. 2021
"02-20213","02-2021","Robo en casa",152261,feb. 2021
"03-20213","03-2021","Robo en casa",151466,mar. 2021
"04-20213","04-2021","Robo en casa",108995,abr. 2021
"05-20213","05-2021","Robo en casa",104865,may. 2021
"06-20213","06-2021","Robo en casa",145572,jun. 2021
"07-20213","07-2021","Robo en casa",104088,jul. 2021
"08-20213","08-2021","Robo en casa",126181,ago. 2021
"09-20213","09-2021","Robo en casa",119474,sep. 2021
"10-20213","10-2021","Robo en casa",134677,oct. 2021
"11-20213","11-2021","Robo en casa",180459,nov. 2021
"12-20213","12-2021","Robo en casa",193705,dic. 2021
"01-20214","01-2021","Robo en la calle",480547,ene. 2021
"02-20214","02-2021","Robo en la calle",641287,feb. 2021
"03-20214","03-2021","Robo en la calle",482574,mar. 2021
"04-20214","04-2021","Robo en la calle",450715,abr. 2021
"05-20214","05-2021","Robo en la calle",464673,may. 2021
"06-20214","06-2021","Robo en la calle",472111,jun. 2021
"07-20214","07-2021","Robo en la calle",362397,jul. 2021
"08-20214","08-2021","Robo en la calle",415113,ago. 2021
"09-20214","09-2021","Robo en la calle",402960,sep. 2021
"10-20214","10-2021","Robo en la calle",514570,oct. 2021
"11-20214","11-2021","Robo en la calle",716563,nov. 2021
"12-20214","12-2021","Robo en la calle",738608,dic. 2021
"01-20215","01-2021","Otro tipo de robo",94532,ene. 2021
"02-20215","02-2021","Otro tipo de robo",145448,feb. 2021
"03-20215","03-2021","Otro tipo de robo",131837,mar. 2021
"04-20215","04-2021","Otro tipo de robo",74880,abr. 2021
"05-20215","05-2021","Otro tipo de robo",101455,may. 2021
"06-20215","06-2021","Otro tipo de robo",142317,jun. 2021
"07-20215","07-2021","Otro tipo de robo",104235,jul. 2021
"08-20215","08-2021","Otro tipo de robo",70359,ago. 2021
"09-20215","09-2021","Otro tipo de robo",80549,sep. 2021
"10-20215","10-2021","Otro tipo de robo",113066,oct. 2021
"11-20215","11-2021","Otro tipo de robo",134372,nov. 2021
"12-20215","12-2021","Otro tipo de robo",187715,dic. 2021
"01-20216","01-2021","Fraude bancario",185587,ene. 2021
"02-20216","02-2021","Fraude bancario",295463,feb. 2021
"03-20216","03-2021","Fraude bancario",293599,mar. 2021
"04-20216","04-2021","Fraude bancario",216582,abr. 2021
"05-20216","05-2021","Fraude bancario",270239,may. 2021
"06-20216","06-2021","Fraude bancario",263240,jun. 2021
"07-20216","07-2021","Fraude bancario",224168,jul. 2021
"08-20216","08-2021","Fraude bancario",186198,ago. 2021
"09-20216","09-2021","Fraude bancario",220900,sep. 2021
"10-20216","10-2021","Fraude bancario",290845,oct. 2021
"11-20216","11-2021","Fraude bancario",333063,nov. 2021
"12-20216","12-2021","Fraude bancario",365298,dic. 2021
"01-20217","01-2021","Fraude al consumidor",137187,ene. 2021
"02-20217","02-2021","Fraude al consumidor",197317,feb. 2021
"03-20217","03-2021","Fraude al consumidor",157185,mar. 2021
"04-20217","04-2021","Fraude al consumidor",137298,abr. 2021
"05-20217","05-2021","Fraude al consumidor",177561,may. 2021
"06-20217","06-2021","Fraude al consumidor",160970,jun. 2021
"07-20217","07-2021","Fraude al consumidor",128279,jul. 2021
"08-20217","08-2021","Fraude al consumidor",137863,ago. 2021
"09-20217","09-2021","Fraude al consumidor",149124,sep. 2021
"10-20217","10-2021","Fraude al consumidor",201428,oct. 2021
"11-20217","11-2021","Fraude al consumidor",227561,nov. 2021
"12-20217","12-2021","Fraude al consumidor",287460,dic. 2021
"01-20218","01-2021","Extorsión",289366,ene. 2021
"02-20218","02-2021","Extorsión",396052,feb. 2021
"03-20218","03-2021","Extorsión",391744,mar. 2021
"04-20218","04-2021","Extorsión",260237,abr. 2021
"05-20218","05-2021","Extorsión",358404,may. 2021
"06-20218","06-2021","Extorsión",537107,jun. 2021
"07-20218","07-2021","Extorsión",308939,jul. 2021
"08-20218","08-2021","Extorsión",343773,ago. 2021
"09-20218","09-2021","Extorsión",338646,sep. 2021
"10-20218","10-2021","Extorsión",340940,oct. 2021
"11-20218","11-2021","Extorsión",470383,nov. 2021
"12-20218","12-2021","Extorsión",511568,dic. 2021
"01-20219","01-2021","Amenazas verbales",204633,ene. 2021
"02-20219","02-2021","Amenazas verbales",204472,feb. 2021
"03-20219","03-2021","Amenazas verbales",210627,mar. 2021
"04-20219","04-2021","Amenazas verbales",167242,abr. 2021
"05-20219","05-2021","Amenazas verbales",167833,may. 2021
"06-20219","06-2021","Amenazas verbales",205747,jun. 2021
"07-20219","07-2021","Amenazas verbales",180474,jul. 2021
"08-20219","08-2021","Amenazas verbales",163842,ago. 2021
"09-20219","09-2021","Amenazas verbales",216640,sep. 2021
"10-20219","10-2021","Amenazas verbales",215421,oct. 2021
"11-20219","11-2021","Amenazas verbales",298170,nov. 2021
"12-20219","12-2021","Amenazas verbales",397361,dic. 2021
"01-202110","01-2021","Lesiones físicas",52663,ene. 2021
"02-202110","02-2021","Lesiones físicas",66891,feb. 2021
"03-202110","03-2021","Lesiones físicas",56780,mar. 2021
"04-202110","04-2021","Lesiones físicas",48846,abr. 2021
"05-202110","05-2021","Lesiones físicas",69863,may. 2021
"06-202110","06-2021","Lesiones físicas",71412,jun. 2021
"07-202110","07-2021","Lesiones físicas",48712,jul. 2021
"08-202110","08-2021","Lesiones físicas",83745,ago. 2021
"09-202110","09-2021","Lesiones físicas",54618,sep. 2021
"10-202110","10-2021","Lesiones físicas",83284,oct. 2021
"11-202110","11-2021","Lesiones físicas",130505,nov. 2021
"12-202110","12-2021","Lesiones físicas",153018,dic. 2021
"01-202111","01-2021","Secuestro",3559,ene. 2021
"02-202111","02-2021","Secuestro",3911,feb. 2021
"03-202111","03-2021","Secuestro",4812,mar. 2021
"04-202111","04-2021","Secuestro",2486,abr. 2021
"05-202111","05-2021","Secuestro",3616,may. 2021
"06-202111","06-2021","Secuestro",7973,jun. 2021
"07-202111","07-2021","Secuestro",5321,jul. 2021
"08-202111","08-2021","Secuestro",2547,ago. 2021
"09-202111","09-2021","Secuestro",2602,sep. 2021
"10-202111","10-2021","Secuestro",4567,oct. 2021
"11-202111","11-2021","Secuestro",3366,nov. 2021
"12-202111","12-2021","Secuestro",9680,dic. 2021
"01-202112","01-2021","Hostigamiento",149178,ene. 2021
"02-202112","02-2021","Hostigamiento",218100,feb. 2021
"03-202112","03-2021","Hostigamiento",175010,mar. 2021
"04-202112","04-2021","Hostigamiento",70172,abr. 2021
"05-202112","05-2021","Hostigamiento",63112,may. 2021
"06-202112","06-2021","Hostigamiento",109086,jun. 2021
"07-202112","07-2021","Hostigamiento",76953,jul. 2021
"08-202112","08-2021","Hostigamiento",104169,ago. 2021
"09-202112","09-2021","Hostigamiento",101994,sep. 2021
"10-202112","10-2021","Hostigamiento",119707,oct. 2021
"11-202112","11-2021","Hostigamiento",158398,nov. 2021
"12-202112","12-2021","Hostigamiento",168090,dic. 2021
"01-202113","01-2021","Violación",4451,ene. 2021
"02-202113","02-2021","Violación",5073,feb. 2021
"03-202113","03-2021","Violación",6683,mar. 2021
"04-202113","04-2021","Violación",5877,abr. 2021
"05-202113","05-2021","Violación",12307,may. 2021
"06-202113","06-2021","Violación",3379,jun. 2021
"07-202113","07-2021","Violación",4225,jul. 2021
"08-202113","08-2021","Violación",6763,ago. 2021
"09-202113","09-2021","Violación",8366,sep. 2021
"10-202113","10-2021","Violación",4859,oct. 2021
"11-202113","11-2021","Violación",8994,nov. 2021
"12-202113","12-2021","Violación",5963,dic. 2021
"01-202114","01-2021","Otros",18658,ene. 2021
"02-202114","02-2021","Otros",7008,feb. 2021
"03-202114","03-2021","Otros",10414,mar. 2021
"04-202114","04-2021","Otros",5089,abr. 2021
"05-202114","05-2021","Otros",10571,may. 2021
"06-202114","06-2021","Otros",7962,jun. 2021
"07-202114","07-2021","Otros",3849,jul. 2021
"08-202114","08-2021","Otros",6466,ago. 2021
"09-202114","09-2021","Otros",5497,sep. 2021
"10-202114","10-2021","Otros",10298,oct. 2021
"11-202114","11-2021","Otros",12234,nov. 2021
"12-202114","12-2021","Otros",17527,dic. 2021
